,cu,ce
1780.0416666666665,,
1780.125,,
1780.2083333333333,,
1780.2916666666665,,
1780.375,,
1780.4583333333333,,
1780.5416666666665,,
1780.625,,
1780.7083333333333,,
1780.7916666666665,,
1780.875,,
1780.9583333333333,,
1781.0416666666665,,
1781.125,,
1781.2083333333333,,
1781.2916666666665,,
1781.375,,
1781.4583333333333,,
1781.5416666666665,,
1781.625,,
1781.7083333333333,,
1781.7916666666665,,
1781.875,,
1781.9583333333333,,
1782.0416666666665,,
1782.125,,
1782.2083333333333,,
1782.2916666666665,,
1782.375,,
1782.4583333333333,,
1782.5416666666665,,
1782.625,,
1782.7083333333333,,
1782.7916666666665,,
1782.875,,
1782.9583333333333,,
1783.0416666666665,,
1783.125,,
1783.2083333333333,,
1783.2916666666665,,
1783.375,,
1783.4583333333333,,
1783.5416666666665,,
1783.625,,
1783.7083333333333,,
1783.7916666666665,,
1783.875,,
1783.9583333333333,,
1784.0416666666665,,
1784.125,,
1784.2083333333333,,
1784.2916666666665,,
1784.375,,
1784.4583333333333,,
1784.5416666666665,,
1784.625,,
1784.7083333333333,,
1784.7916666666665,,
1784.875,,
1784.9583333333333,,
1785.0416666666665,,
1785.125,,
1785.2083333333333,,
1785.2916666666665,,
1785.375,,
1785.4583333333333,,
1785.5416666666665,,
1785.625,,
1785.7083333333333,,
1785.7916666666665,,
1785.875,,
1785.9583333333333,,
1786.0416666666665,,
1786.125,,
1786.2083333333333,,
1786.2916666666665,,
1786.375,,
1786.4583333333333,,
1786.5416666666665,,
1786.625,,
1786.7083333333333,,
1786.7916666666665,,
1786.875,,
1786.9583333333333,,
1787.0416666666665,,
1787.125,,
1787.2083333333333,,
1787.2916666666665,,
1787.375,,
1787.4583333333333,,
1787.5416666666665,,
1787.625,,
1787.7083333333333,,
1787.7916666666665,,
1787.875,,
1787.9583333333333,,
1788.0416666666665,,
1788.125,,
1788.2083333333333,,
1788.2916666666665,,
1788.375,,
1788.4583333333333,,
1788.5416666666665,,
1788.625,,
1788.7083333333333,,
1788.7916666666665,,
1788.875,,
1788.9583333333333,,
1789.0416666666665,,
1789.125,,
1789.2083333333333,,
1789.2916666666665,,
1789.375,,
1789.4583333333333,,
1789.5416666666665,,
1789.625,,
1789.7083333333333,,
1789.7916666666665,,
1789.875,,
1789.9583333333333,,
1790.0416666666665,,
1790.125,,
1790.2083333333333,,
1790.2916666666665,,
1790.375,,
1790.4583333333333,,
1790.5416666666665,,
1790.625,,
1790.7083333333333,,
1790.7916666666665,,
1790.875,,
1790.9583333333333,,
1791.0416666666665,,
1791.125,,
1791.2083333333333,,
1791.2916666666665,,
1791.375,,
1791.4583333333333,,
1791.5416666666665,,
1791.625,,
1791.7083333333333,,
1791.7916666666665,,
1791.875,,
1791.9583333333333,,
1792.0416666666665,,
1792.125,,
1792.2083333333333,,
1792.2916666666665,,
1792.375,,
1792.4583333333333,,
1792.5416666666665,,
1792.625,,
1792.7083333333333,,
1792.7916666666665,,
1792.875,,
1792.9583333333333,,
1793.0416666666665,,
1793.125,,
1793.2083333333333,,
1793.2916666666665,,
1793.375,,
1793.4583333333333,,
1793.5416666666665,,
1793.625,,
1793.7083333333333,,
1793.7916666666665,,
1793.875,,
1793.9583333333333,,
1794.0416666666665,,
1794.125,,
1794.2083333333333,,
1794.2916666666665,,
1794.375,,
1794.4583333333333,,
1794.5416666666665,,
1794.625,,
1794.7083333333333,,
1794.7916666666665,,
1794.875,,
1794.9583333333333,,
1795.0416666666665,,
1795.125,,
1795.2083333333333,,
1795.2916666666665,,
1795.375,,
1795.4583333333333,,
1795.5416666666665,,
1795.625,,
1795.7083333333333,,
1795.7916666666665,,
1795.875,,
1795.9583333333333,,
1796.0416666666665,,
1796.125,,
1796.2083333333333,,
1796.2916666666665,,
1796.375,,
1796.4583333333333,,
1796.5416666666665,,
1796.625,,
1796.7083333333333,,
1796.7916666666665,,
1796.875,,
1796.9583333333333,,
1797.0416666666665,,
1797.125,,
1797.2083333333333,,
1797.2916666666665,,
1797.375,,
1797.4583333333333,,
1797.5416666666665,,
1797.625,,
1797.7083333333333,,
1797.7916666666665,,
1797.875,,
1797.9583333333333,,
1798.0416666666665,,
1798.125,,
1798.2083333333333,,
1798.2916666666665,,
1798.375,,
1798.4583333333333,,
1798.5416666666665,,
1798.625,,
1798.7083333333333,,
1798.7916666666665,,
1798.875,,
1798.9583333333333,,
1799.0416666666665,,
1799.125,,
1799.2083333333333,,
1799.2916666666665,,
1799.375,,
1799.4583333333333,,
1799.5416666666665,,
1799.625,,
1799.7083333333333,,
1799.7916666666665,,
1799.875,,
1799.9583333333333,,
1800.0416666666665,,
1800.125,,
1800.2083333333333,,
1800.2916666666665,,
1800.375,,
1800.4583333333333,,
1800.5416666666665,,
1800.625,,
1800.7083333333333,,
1800.7916666666665,,
1800.875,,
1800.9583333333333,,
1801.0416666666665,,
1801.125,,
1801.2083333333333,,
1801.2916666666665,,
1801.375,,
1801.4583333333333,,
1801.5416666666665,,
1801.625,,
1801.7083333333333,,
1801.7916666666665,,
1801.875,,
1801.9583333333333,,
1802.0416666666665,,
1802.125,,
1802.2083333333333,,
1802.2916666666665,,
1802.375,,
1802.4583333333333,,
1802.5416666666665,,
1802.625,,
1802.7083333333333,,
1802.7916666666665,,
1802.875,,
1802.9583333333333,,
1803.0416666666665,,
1803.125,,
1803.2083333333333,,
1803.2916666666665,,
1803.375,,
1803.4583333333333,,
1803.5416666666665,,
1803.625,,
1803.7083333333333,,
1803.7916666666665,,
1803.875,,
1803.9583333333333,,
1804.0416666666665,,
1804.125,,
1804.2083333333333,,
1804.2916666666665,,
1804.375,,
1804.4583333333333,,
1804.5416666666665,,
1804.625,,
1804.7083333333333,,
1804.7916666666665,,
1804.875,,
1804.9583333333333,,
1805.0416666666665,,
1805.125,,
1805.2083333333333,,
1805.2916666666665,,
1805.375,,
1805.4583333333333,,
1805.5416666666665,,
1805.625,,
1805.7083333333333,,
1805.7916666666665,,
1805.875,,
1805.9583333333333,,
1806.0416666666665,,
1806.125,,
1806.2083333333333,,
1806.2916666666665,,
1806.375,,
1806.4583333333333,,
1806.5416666666665,,
1806.625,,
1806.7083333333333,,
1806.7916666666665,,
1806.875,,
1806.9583333333333,,
1807.0416666666665,,
1807.125,,
1807.2083333333333,,
1807.2916666666665,,
1807.375,,
1807.4583333333333,,
1807.5416666666665,,
1807.625,,
1807.7083333333333,,
1807.7916666666665,,
1807.875,,
1807.9583333333333,,
1808.0416666666665,,
1808.125,,
1808.2083333333333,,
1808.2916666666665,,
1808.375,,
1808.4583333333333,,
1808.5416666666665,,
1808.625,,
1808.7083333333333,,
1808.7916666666665,,
1808.875,,
1808.9583333333333,,
1809.0416666666665,,
1809.125,,
1809.2083333333333,,
1809.2916666666665,,
1809.375,,
1809.4583333333333,,
1809.5416666666665,,
1809.625,,
1809.7083333333333,,
1809.7916666666665,,
1809.875,,
1809.9583333333333,,
1810.0416666666665,,
1810.125,,
1810.2083333333333,,
1810.2916666666665,,
1810.375,,
1810.4583333333333,,
1810.5416666666665,,
1810.625,,
1810.7083333333333,,
1810.7916666666665,,
1810.875,,
1810.9583333333333,,
1811.0416666666665,,
1811.125,,
1811.2083333333333,,
1811.2916666666665,,
1811.375,,
1811.4583333333333,,
1811.5416666666665,,
1811.625,,
1811.7083333333333,,
1811.7916666666665,,
1811.875,,
1811.9583333333333,,
1812.0416666666665,,
1812.125,,
1812.2083333333333,,
1812.2916666666665,,
1812.375,,
1812.4583333333333,,
1812.5416666666665,,
1812.625,,
1812.7083333333333,,
1812.7916666666665,,
1812.875,,
1812.9583333333333,,
1813.0416666666665,,
1813.125,,
1813.2083333333333,,
1813.2916666666665,,
1813.375,,
1813.4583333333333,,
1813.5416666666665,,
1813.625,,
1813.7083333333333,,
1813.7916666666665,,
1813.875,,
1813.9583333333333,,
1814.0416666666665,,
1814.125,,
1814.2083333333333,,
1814.2916666666665,,
1814.375,,
1814.4583333333333,,
1814.5416666666665,,
1814.625,,
1814.7083333333333,,
1814.7916666666665,,
1814.875,,
1814.9583333333333,,
1815.0416666666665,,
1815.125,,
1815.2083333333333,,
1815.2916666666665,,
1815.375,,
1815.4583333333333,,
1815.5416666666665,,
1815.625,,
1815.7083333333333,,
1815.7916666666665,,
1815.875,,
1815.9583333333333,,
1816.0416666666665,,
1816.125,,
1816.2083333333333,,
1816.2916666666665,,
1816.375,,
1816.4583333333333,,
1816.5416666666665,,
1816.625,,
1816.7083333333333,,
1816.7916666666665,,
1816.875,,
1816.9583333333333,,
1817.0416666666665,,
1817.125,,
1817.2083333333333,,
1817.2916666666665,,
1817.375,,
1817.4583333333333,,
1817.5416666666665,,
1817.625,,
1817.7083333333333,,
1817.7916666666665,,
1817.875,,
1817.9583333333333,,
1818.0416666666665,,
1818.125,,
1818.2083333333333,,
1818.2916666666665,,
1818.375,,
1818.4583333333333,,
1818.5416666666665,,
1818.625,,
1818.7083333333333,,
1818.7916666666665,,
1818.875,,
1818.9583333333333,,
1819.0416666666665,,
1819.125,,
1819.2083333333333,,
1819.2916666666665,,
1819.375,,
1819.4583333333333,,
1819.5416666666665,,
1819.625,,
1819.7083333333333,,
1819.7916666666665,,
1819.875,,
1819.9583333333333,,
1820.0416666666665,,
1820.125,,
1820.2083333333333,,
1820.2916666666665,,
1820.375,,
1820.4583333333333,,
1820.5416666666665,,
1820.625,,
1820.7083333333333,,
1820.7916666666665,,
1820.875,,
1820.9583333333333,,
1821.0416666666665,,
1821.125,,
1821.2083333333333,,
1821.2916666666665,,
1821.375,,
1821.4583333333333,,
1821.5416666666665,,
1821.625,,
1821.7083333333333,,
1821.7916666666665,,
1821.875,,
1821.9583333333333,,
1822.0416666666665,,
1822.125,,
1822.2083333333333,,
1822.2916666666665,,
1822.375,,
1822.4583333333333,,
1822.5416666666665,,
1822.625,,
1822.7083333333333,,
1822.7916666666665,,
1822.875,,
1822.9583333333333,,
1823.0416666666665,,
1823.125,,
1823.2083333333333,,
1823.2916666666665,,
1823.375,,
1823.4583333333333,,
1823.5416666666665,,
1823.625,,
1823.7083333333333,,
1823.7916666666665,,
1823.875,,
1823.9583333333333,,
1824.0416666666665,,
1824.125,,
1824.2083333333333,,
1824.2916666666665,,
1824.375,,
1824.4583333333333,,
1824.5416666666665,,
1824.625,,
1824.7083333333333,,
1824.7916666666665,,
1824.875,,
1824.9583333333333,,
1825.0416666666665,,
1825.125,,
1825.2083333333333,,
1825.2916666666665,,
1825.375,,
1825.4583333333333,,
1825.5416666666665,,
1825.625,,
1825.7083333333333,,
1825.7916666666665,,
1825.875,,
1825.9583333333333,,
1826.0416666666665,,
1826.125,,
1826.2083333333333,,
1826.2916666666665,,
1826.375,,
1826.4583333333333,,
1826.5416666666665,,
1826.625,,
1826.7083333333333,,
1826.7916666666665,,
1826.875,,
1826.9583333333333,,
1827.0416666666665,,
1827.125,,
1827.2083333333333,,
1827.2916666666665,,
1827.375,,
1827.4583333333333,,
1827.5416666666665,,
1827.625,,
1827.7083333333333,,
1827.7916666666665,,
1827.875,,
1827.9583333333333,,
1828.0416666666665,,
1828.125,,
1828.2083333333333,,
1828.2916666666665,,
1828.375,,
1828.4583333333333,,
1828.5416666666665,,
1828.625,,
1828.7083333333333,,
1828.7916666666665,,
1828.875,,
1828.9583333333333,,
1829.0416666666665,,
1829.125,,
1829.2083333333333,,
1829.2916666666665,,
1829.375,,
1829.4583333333333,,
1829.5416666666665,,
1829.625,,
1829.7083333333333,,
1829.7916666666665,,
1829.875,,
1829.9583333333333,,
1830.0416666666665,,
1830.125,,
1830.2083333333333,,
1830.2916666666665,,
1830.375,,
1830.4583333333333,,
1830.5416666666665,,
1830.625,,
1830.7083333333333,,
1830.7916666666665,,
1830.875,,
1830.9583333333333,,
1831.0416666666665,,
1831.125,,
1831.2083333333333,,
1831.2916666666665,,
1831.375,,
1831.4583333333333,,
1831.5416666666665,,
1831.625,,
1831.7083333333333,,
1831.7916666666665,,
1831.875,,
1831.9583333333333,,
1832.0416666666665,,
1832.125,,
1832.2083333333333,,
1832.2916666666665,,
1832.375,,
1832.4583333333333,,
1832.5416666666665,,
1832.625,,
1832.7083333333333,,
1832.7916666666665,,
1832.875,,
1832.9583333333333,,
1833.0416666666665,,
1833.125,,
1833.2083333333333,,
1833.2916666666665,,
1833.375,,
1833.4583333333333,,
1833.5416666666665,,
1833.625,,
1833.7083333333333,,
1833.7916666666665,,
1833.875,,
1833.9583333333333,,
1834.0416666666665,,
1834.125,,
1834.2083333333333,,
1834.2916666666665,,
1834.375,,
1834.4583333333333,,
1834.5416666666665,,
1834.625,,
1834.7083333333333,,
1834.7916666666665,,
1834.875,,
1834.9583333333333,,
1835.0416666666665,,
1835.125,,
1835.2083333333333,,
1835.2916666666665,,
1835.375,,
1835.4583333333333,,
1835.5416666666665,,
1835.625,,
1835.7083333333333,,
1835.7916666666665,,
1835.875,,
1835.9583333333333,,
1836.0416666666665,,
1836.125,,
1836.2083333333333,,
1836.2916666666665,,
1836.375,,
1836.4583333333333,,
1836.5416666666665,,
1836.625,,
1836.7083333333333,,
1836.7916666666665,,
1836.875,,
1836.9583333333333,,
1837.0416666666665,,
1837.125,,
1837.2083333333333,,
1837.2916666666665,,
1837.375,,
1837.4583333333333,,
1837.5416666666665,,
1837.625,,
1837.7083333333333,,
1837.7916666666665,,
1837.875,,
1837.9583333333333,,
1838.0416666666665,,
1838.125,,
1838.2083333333333,,
1838.2916666666665,,
1838.375,,
1838.4583333333333,,
1838.5416666666665,,
1838.625,,
1838.7083333333333,,
1838.7916666666665,,
1838.875,,
1838.9583333333333,,
1839.0416666666665,,
1839.125,,
1839.2083333333333,,
1839.2916666666665,,
1839.375,,
1839.4583333333333,,
1839.5416666666665,,
1839.625,,
1839.7083333333333,,
1839.7916666666665,,
1839.875,,
1839.9583333333333,,
1840.0416666666665,,
1840.125,,
1840.2083333333333,,
1840.2916666666665,,
1840.375,,
1840.4583333333333,,
1840.5416666666665,,
1840.625,,
1840.7083333333333,,
1840.7916666666665,,
1840.875,,
1840.9583333333333,,
1841.0416666666665,,
1841.125,,
1841.2083333333333,,
1841.2916666666665,,
1841.375,,
1841.4583333333333,,
1841.5416666666665,,
1841.625,,
1841.7083333333333,,
1841.7916666666665,,
1841.875,,
1841.9583333333333,,
1842.0416666666665,,
1842.125,,
1842.2083333333333,,
1842.2916666666665,,
1842.375,,
1842.4583333333333,,
1842.5416666666665,,
1842.625,,
1842.7083333333333,,
1842.7916666666665,,
1842.875,,
1842.9583333333333,,
1843.0416666666665,,
1843.125,,
1843.2083333333333,,
1843.2916666666665,,
1843.375,,
1843.4583333333333,,
1843.5416666666665,,
1843.625,,
1843.7083333333333,,
1843.7916666666665,,
1843.875,,
1843.9583333333333,,
1844.0416666666665,,
1844.125,,
1844.2083333333333,,
1844.2916666666665,,
1844.375,,
1844.4583333333333,,
1844.5416666666665,,
1844.625,,
1844.7083333333333,,
1844.7916666666665,,
1844.875,,
1844.9583333333333,,
1845.0416666666665,,
1845.125,,
1845.2083333333333,,
1845.2916666666665,,
1845.375,,
1845.4583333333333,,
1845.5416666666665,,
1845.625,,
1845.7083333333333,,
1845.7916666666665,,
1845.875,,
1845.9583333333333,,
1846.0416666666665,,
1846.125,,
1846.2083333333333,,
1846.2916666666665,,
1846.375,,
1846.4583333333333,,
1846.5416666666665,,
1846.625,,
1846.7083333333333,,
1846.7916666666665,,
1846.875,,
1846.9583333333333,,
1847.0416666666665,,
1847.125,,
1847.2083333333333,,
1847.2916666666665,,
1847.375,,
1847.4583333333333,,
1847.5416666666665,,
1847.625,,
1847.7083333333333,,
1847.7916666666665,,
1847.875,,
1847.9583333333333,,
1848.0416666666665,,
1848.125,,
1848.2083333333333,,
1848.2916666666665,,
1848.375,,
1848.4583333333333,,
1848.5416666666665,,
1848.625,,
1848.7083333333333,,
1848.7916666666665,,
1848.875,,
1848.9583333333333,,
1849.0416666666665,,
1849.125,,
1849.2083333333333,,
1849.2916666666665,,
1849.375,,
1849.4583333333333,,
1849.5416666666665,,
1849.625,,
1849.7083333333333,,
1849.7916666666665,,
1849.875,,
1849.9583333333333,,
1850.0416666666665,,
1850.125,,
1850.2083333333333,,
1850.2916666666665,,
1850.375,,
1850.4583333333333,,
1850.5416666666665,,
1850.625,,
1850.7083333333333,,
1850.7916666666665,,
1850.875,,
1850.9583333333333,,
1851.0416666666665,,
1851.125,,
1851.2083333333333,,
1851.2916666666665,,
1851.375,,
1851.4583333333333,,
1851.5416666666665,,
1851.625,,
1851.7083333333333,,
1851.7916666666665,,
1851.875,,
1851.9583333333333,,
1852.0416666666665,,
1852.125,,
1852.2083333333333,,
1852.2916666666665,,
1852.375,,
1852.4583333333333,,
1852.5416666666665,,
1852.625,,
1852.7083333333333,,
1852.7916666666665,,
1852.875,,
1852.9583333333333,,
1853.0416666666665,,
1853.125,,
1853.2083333333333,,
1853.2916666666665,,
1853.375,,
1853.4583333333333,,
1853.5416666666665,,
1853.625,,
1853.7083333333333,,
1853.7916666666665,,
1853.875,,
1853.9583333333333,,
1854.0416666666665,,
1854.125,,
1854.2083333333333,,
1854.2916666666665,,
1854.375,,
1854.4583333333333,,
1854.5416666666665,,
1854.625,,
1854.7083333333333,,
1854.7916666666665,,
1854.875,,
1854.9583333333333,,
1855.0416666666665,,
1855.125,,
1855.2083333333333,,
1855.2916666666665,,
1855.375,,
1855.4583333333333,,
1855.5416666666665,,
1855.625,,
1855.7083333333333,,
1855.7916666666665,,
1855.875,,
1855.9583333333333,,
1856.0416666666665,,
1856.125,,
1856.2083333333333,,
1856.2916666666665,,
1856.375,,
1856.4583333333333,,
1856.5416666666665,,
1856.625,,
1856.7083333333333,,
1856.7916666666665,,
1856.875,,
1856.9583333333333,,
1857.0416666666665,,
1857.125,,
1857.2083333333333,,
1857.2916666666665,,
1857.375,,
1857.4583333333333,,
1857.5416666666665,,
1857.625,,
1857.7083333333333,,
1857.7916666666665,,
1857.875,,
1857.9583333333333,,
1858.0416666666665,,
1858.125,,
1858.2083333333333,,
1858.2916666666665,,
1858.375,,
1858.4583333333333,,
1858.5416666666665,,
1858.625,,
1858.7083333333333,,
1858.7916666666665,,
1858.875,,
1858.9583333333333,,
1859.0416666666665,,
1859.125,,
1859.2083333333333,,
1859.2916666666665,,
1859.375,,
1859.4583333333333,,
1859.5416666666665,,
1859.625,,
1859.7083333333333,,
1859.7916666666665,,
1859.875,,
1859.9583333333333,,
1860.0416666666665,,
1860.125,,
1860.2083333333333,,
1860.2916666666665,,
1860.375,,
1860.4583333333333,,
1860.5416666666665,,
1860.625,,
1860.7083333333333,,
1860.7916666666665,,
1860.875,,
1860.9583333333333,,
1861.0416666666665,,
1861.125,,
1861.2083333333333,,
1861.2916666666665,,
1861.375,,
1861.4583333333333,,
1861.5416666666665,,
1861.625,,
1861.7083333333333,,
1861.7916666666665,,
1861.875,,
1861.9583333333333,,
1862.0416666666665,,
1862.125,,
1862.2083333333333,,
1862.2916666666665,,
1862.375,,
1862.4583333333333,,
1862.5416666666665,,
1862.625,,
1862.7083333333333,,
1862.7916666666665,,
1862.875,,
1862.9583333333333,,
1863.0416666666665,,
1863.125,,
1863.2083333333333,,
1863.2916666666665,,
1863.375,,
1863.4583333333333,,
1863.5416666666665,,
1863.625,,
1863.7083333333333,,
1863.7916666666665,,
1863.875,,
1863.9583333333333,,
1864.0416666666665,,
1864.125,,
1864.2083333333333,,
1864.2916666666665,,
1864.375,,
1864.4583333333333,,
1864.5416666666665,,
1864.625,,
1864.7083333333333,,
1864.7916666666665,,
1864.875,,
1864.9583333333333,,
1865.0416666666665,,
1865.125,,
1865.2083333333333,,
1865.2916666666665,,
1865.375,,
1865.4583333333333,,
1865.5416666666665,,
1865.625,,
1865.7083333333333,,
1865.7916666666665,,
1865.875,,
1865.9583333333333,,
1866.0416666666665,,
1866.125,,
1866.2083333333333,,
1866.2916666666665,,
1866.375,,
1866.4583333333333,,
1866.5416666666665,,
1866.625,,
1866.7083333333333,,
1866.7916666666665,,
1866.875,,
1866.9583333333333,,
1867.0416666666665,,
1867.125,,
1867.2083333333333,,
1867.2916666666665,,
1867.375,,
1867.4583333333333,,
1867.5416666666665,,
1867.625,,
1867.7083333333333,,
1867.7916666666665,,
1867.875,,
1867.9583333333333,,
1868.0416666666665,,
1868.125,,
1868.2083333333333,,
1868.2916666666665,,
1868.375,,
1868.4583333333333,,
1868.5416666666665,,
1868.625,,
1868.7083333333333,,
1868.7916666666665,,
1868.875,,
1868.9583333333333,,
1869.0416666666665,,
1869.125,,
1869.2083333333333,,
1869.2916666666665,,
1869.375,,
1869.4583333333333,,
1869.5416666666665,,
1869.625,,
1869.7083333333333,,
1869.7916666666665,,
1869.875,,
1869.9583333333333,,
1870.0416666666665,,
1870.125,,
1870.2083333333333,,
1870.2916666666665,,
1870.375,,
1870.4583333333333,,
1870.5416666666665,,
1870.625,,
1870.7083333333333,,
1870.7916666666665,,
1870.875,,
1870.9583333333333,,
1871.0416666666665,,
1871.125,,
1871.2083333333333,,
1871.2916666666665,,
1871.375,,
1871.4583333333333,,
1871.5416666666665,,
1871.625,,
1871.7083333333333,,
1871.7916666666665,,
1871.875,,
1871.9583333333333,,
1872.0416666666665,,
1872.125,,
1872.2083333333333,,
1872.2916666666665,,
1872.375,,
1872.4583333333333,,
1872.5416666666665,,
1872.625,,
1872.7083333333333,,
1872.7916666666665,,
1872.875,,
1872.9583333333333,,
1873.0416666666665,,
1873.125,,
1873.2083333333333,,
1873.2916666666665,,
1873.375,,
1873.4583333333333,,
1873.5416666666665,,
1873.625,,
1873.7083333333333,,
1873.7916666666665,,
1873.875,,
1873.9583333333333,,
1874.0416666666665,,
1874.125,,
1874.2083333333333,,
1874.2916666666665,,
1874.375,,
1874.4583333333333,,
1874.5416666666665,,
1874.625,,
1874.7083333333333,,
1874.7916666666665,,
1874.875,,
1874.9583333333333,,
1875.0416666666665,,
1875.125,,
1875.2083333333333,,
1875.2916666666665,,
1875.375,,
1875.4583333333333,,
1875.5416666666665,,
1875.625,,
1875.7083333333333,,
1875.7916666666665,,
1875.875,,
1875.9583333333333,,
1876.0416666666665,,
1876.125,,
1876.2083333333333,,
1876.2916666666665,,
1876.375,,
1876.4583333333333,,
1876.5416666666665,,
1876.625,,
1876.7083333333333,,
1876.7916666666665,,
1876.875,,
1876.9583333333333,,
1877.0416666666665,,
1877.125,,
1877.2083333333333,,
1877.2916666666665,,
1877.375,,
1877.4583333333333,,
1877.5416666666665,,
1877.625,,
1877.7083333333333,,
1877.7916666666665,,
1877.875,,
1877.9583333333333,,
1878.0416666666665,,
1878.125,,
1878.2083333333333,,
1878.2916666666665,,
1878.375,,
1878.4583333333333,,
1878.5416666666665,,
1878.625,,
1878.7083333333333,,
1878.7916666666665,,
1878.875,,
1878.9583333333333,,
1879.0416666666665,,
1879.125,,
1879.2083333333333,,
1879.2916666666665,,
1879.375,,
1879.4583333333333,,
1879.5416666666665,,
1879.625,,
1879.7083333333333,,
1879.7916666666665,,
1879.875,,
1879.9583333333333,,
1880.0416666666665,,
1880.125,,
1880.2083333333333,,
1880.2916666666665,,
1880.375,,
1880.4583333333333,,
1880.5416666666665,,
1880.625,,
1880.7083333333333,,
1880.7916666666665,,
1880.875,,
1880.9583333333333,,
1881.0416666666665,,
1881.125,,
1881.2083333333333,,
1881.2916666666665,,
1881.375,,
1881.4583333333333,,
1881.5416666666665,,
1881.625,,
1881.7083333333333,,
1881.7916666666665,,
1881.875,,
1881.9583333333333,,
1882.0416666666665,,
1882.125,,
1882.2083333333333,,
1882.2916666666665,,
1882.375,,
1882.4583333333333,,
1882.5416666666665,,
1882.625,,
1882.7083333333333,,
1882.7916666666665,,
1882.875,,
1882.9583333333333,,
1883.0416666666665,,
1883.125,,
1883.2083333333333,,
1883.2916666666665,,
1883.375,,
1883.4583333333333,,
1883.5416666666665,,
1883.625,,
1883.7083333333333,,
1883.7916666666665,,
1883.875,,
1883.9583333333333,,
1884.0416666666665,,
1884.125,,
1884.2083333333333,,
1884.2916666666665,,
1884.375,,
1884.4583333333333,,
1884.5416666666665,,
1884.625,,
1884.7083333333333,,
1884.7916666666665,,
1884.875,,
1884.9583333333333,,
1885.0416666666665,,
1885.125,,
1885.2083333333333,,
1885.2916666666665,,
1885.375,,
1885.4583333333333,,
1885.5416666666665,,
1885.625,,
1885.7083333333333,,
1885.7916666666665,,
1885.875,,
1885.9583333333333,,
1886.0416666666665,,
1886.125,,
1886.2083333333333,,
1886.2916666666665,,
1886.375,,
1886.4583333333333,,
1886.5416666666665,,
1886.625,,
1886.7083333333333,,
1886.7916666666665,,
1886.875,,
1886.9583333333333,,
1887.0416666666665,,
1887.125,,
1887.2083333333333,,
1887.2916666666665,,
1887.375,,
1887.4583333333333,,
1887.5416666666665,,
1887.625,,
1887.7083333333333,,
1887.7916666666665,,
1887.875,,
1887.9583333333333,,
1888.0416666666665,,
1888.125,,
1888.2083333333333,,
1888.2916666666665,,
1888.375,,
1888.4583333333333,,
1888.5416666666665,,
1888.625,,
1888.7083333333333,,
1888.7916666666665,,
1888.875,,
1888.9583333333333,,
1889.0416666666665,,
1889.125,,
1889.2083333333333,,
1889.2916666666665,,
1889.375,,
1889.4583333333333,,
1889.5416666666665,,
1889.625,,
1889.7083333333333,,
1889.7916666666665,,
1889.875,,
1889.9583333333333,,
1890.0416666666665,,
1890.125,,
1890.2083333333333,,
1890.2916666666665,,
1890.375,,
1890.4583333333333,,
1890.5416666666665,,
1890.625,,
1890.7083333333333,,
1890.7916666666665,,
1890.875,,
1890.9583333333333,,
1891.0416666666665,,
1891.125,,
1891.2083333333333,,
1891.2916666666665,,
1891.375,,
1891.4583333333333,,
1891.5416666666665,,
1891.625,,
1891.7083333333333,,
1891.7916666666665,,
1891.875,,
1891.9583333333333,,
1892.0416666666665,,
1892.125,,
1892.2083333333333,,
1892.2916666666665,,
1892.375,,
1892.4583333333333,,
1892.5416666666665,,
1892.625,,
1892.7083333333333,,
1892.7916666666665,,
1892.875,,
1892.9583333333333,,
1893.0416666666665,,
1893.125,,
1893.2083333333333,,
1893.2916666666665,,
1893.375,,
1893.4583333333333,,
1893.5416666666665,,
1893.625,,
1893.7083333333333,,
1893.7916666666665,,
1893.875,,
1893.9583333333333,,
1894.0416666666665,,
1894.125,,
1894.2083333333333,,
1894.2916666666665,,
1894.375,,
1894.4583333333333,,
1894.5416666666665,,
1894.625,,
1894.7083333333333,,
1894.7916666666665,,
1894.875,,
1894.9583333333333,,
1895.0416666666665,,
1895.125,,
1895.2083333333333,,
1895.2916666666665,,
1895.375,,
1895.4583333333333,,
1895.5416666666665,,
1895.625,,
1895.7083333333333,,
1895.7916666666665,,
1895.875,,
1895.9583333333333,,
1896.0416666666665,,
1896.125,,
1896.2083333333333,,
1896.2916666666665,,
1896.375,,
1896.4583333333333,,
1896.5416666666665,,
1896.625,,
1896.7083333333333,,
1896.7916666666665,,
1896.875,,
1896.9583333333333,,
1897.0416666666665,,
1897.125,,
1897.2083333333333,,
1897.2916666666665,,
1897.375,,
1897.4583333333333,,
1897.5416666666665,,
1897.625,,
1897.7083333333333,,
1897.7916666666665,,
1897.875,,
1897.9583333333333,,
1898.0416666666665,,
1898.125,,
1898.2083333333333,,
1898.2916666666665,,
1898.375,,
1898.4583333333333,,
1898.5416666666665,,
1898.625,,
1898.7083333333333,,
1898.7916666666665,,
1898.875,,
1898.9583333333333,,
1899.0416666666665,,
1899.125,,
1899.2083333333333,,
1899.2916666666665,,
1899.375,,
1899.4583333333333,,
1899.5416666666665,,
1899.625,,
1899.7083333333333,,
1899.7916666666665,,
1899.875,,
1899.9583333333333,,
1900.0416666666665,,
1900.125,,
1900.2083333333333,,
1900.2916666666665,,
1900.375,,
1900.4583333333333,,
1900.5416666666665,,
1900.625,,
1900.7083333333333,,
1900.7916666666665,,
1900.875,,
1900.9583333333333,,
1901.0416666666665,,
1901.125,,
1901.2083333333333,,
1901.2916666666665,,
1901.375,,
1901.4583333333333,,
1901.5416666666665,,
1901.625,,
1901.7083333333333,,
1901.7916666666665,,
1901.875,,
1901.9583333333333,,
1902.0416666666665,,
1902.125,,
1902.2083333333333,,
1902.2916666666665,,
1902.375,,
1902.4583333333333,,
1902.5416666666665,,
1902.625,,
1902.7083333333333,,
1902.7916666666665,,
1902.875,,
1902.9583333333333,,
1903.0416666666665,,
1903.125,,
1903.2083333333333,,
1903.2916666666665,,
1903.375,,
1903.4583333333333,,
1903.5416666666665,,
1903.625,,
1903.7083333333333,,
1903.7916666666665,,
1903.875,,
1903.9583333333333,,
1904.0416666666665,,
1904.125,,
1904.2083333333333,,
1904.2916666666665,,
1904.375,,
1904.4583333333333,,
1904.5416666666665,,
1904.625,,
1904.7083333333333,,
1904.7916666666665,,
1904.875,,
1904.9583333333333,,
1905.0416666666665,,
1905.125,,
1905.2083333333333,,
1905.2916666666665,,
1905.375,,
1905.4583333333333,,
1905.5416666666665,,
1905.625,,
1905.7083333333333,,
1905.7916666666665,,
1905.875,,
1905.9583333333333,,
1906.0416666666665,,
1906.125,,
1906.2083333333333,,
1906.2916666666665,,
1906.375,,
1906.4583333333333,,
1906.5416666666665,,
1906.625,,
1906.7083333333333,,
1906.7916666666665,,
1906.875,,
1906.9583333333333,,
1907.0416666666665,,
1907.125,,
1907.2083333333333,,
1907.2916666666665,,
1907.375,,
1907.4583333333333,,
1907.5416666666665,,
1907.625,,
1907.7083333333333,,
1907.7916666666665,,
1907.875,,
1907.9583333333333,,
1908.0416666666665,,
1908.125,,
1908.2083333333333,,
1908.2916666666665,,
1908.375,,
1908.4583333333333,,
1908.5416666666665,,
1908.625,,
1908.7083333333333,,
1908.7916666666665,,
1908.875,,
1908.9583333333333,,
1909.0416666666665,,
1909.125,,
1909.2083333333333,,
1909.2916666666665,,
1909.375,,
1909.4583333333333,,
1909.5416666666665,,
1909.625,,
1909.7083333333333,,
1909.7916666666665,,
1909.875,,
1909.9583333333333,,
1910.0416666666665,,
1910.125,,
1910.2083333333333,,
1910.2916666666665,,
1910.375,,
1910.4583333333333,,
1910.5416666666665,,
1910.625,,
1910.7083333333333,,
1910.7916666666665,,
1910.875,,
1910.9583333333333,,
1911.0416666666665,,
1911.125,,
1911.2083333333333,,
1911.2916666666665,,
1911.375,,
1911.4583333333333,,
1911.5416666666665,,
1911.625,,
1911.7083333333333,,
1911.7916666666665,,
1911.875,,
1911.9583333333333,,
1912.0416666666665,,
1912.125,,
1912.2083333333333,,
1912.2916666666665,,
1912.375,,
1912.4583333333333,,
1912.5416666666665,,
1912.625,,
1912.7083333333333,,
1912.7916666666665,,
1912.875,,
1912.9583333333333,,
1913.0416666666665,,
1913.125,,
1913.2083333333333,,
1913.2916666666665,,
1913.375,,
1913.4583333333333,,
1913.5416666666665,,
1913.625,,
1913.7083333333333,,
1913.7916666666665,,
1913.875,,
1913.9583333333333,,
1914.0416666666665,,
1914.125,,
1914.2083333333333,,
1914.2916666666665,,
1914.375,,
1914.4583333333333,,
1914.5416666666665,,
1914.625,,
1914.7083333333333,,
1914.7916666666665,,
1914.875,,
1914.9583333333333,,
1915.0416666666665,,
1915.125,,
1915.2083333333333,,
1915.2916666666665,,
1915.375,,
1915.4583333333333,,
1915.5416666666665,,
1915.625,,
1915.7083333333333,,
1915.7916666666665,,
1915.875,,
1915.9583333333333,,
1916.0416666666665,,
1916.125,,
1916.2083333333333,,
1916.2916666666665,,
1916.375,,
1916.4583333333333,,
1916.5416666666665,,
1916.625,,
1916.7083333333333,,
1916.7916666666665,,
1916.875,,
1916.9583333333333,,
1917.0416666666665,,
1917.125,,
1917.2083333333333,,
1917.2916666666665,,
1917.375,,
1917.4583333333333,,
1917.5416666666665,,
1917.625,,
1917.7083333333333,,
1917.7916666666665,,
1917.875,,
1917.9583333333333,,
1918.0416666666665,,
1918.125,,
1918.2083333333333,,
1918.2916666666665,,
1918.375,,
1918.4583333333333,,
1918.5416666666665,,
1918.625,,
1918.7083333333333,,
1918.7916666666665,,
1918.875,,
1918.9583333333333,,
1919.0416666666665,,
1919.125,,
1919.2083333333333,,
1919.2916666666665,,
1919.375,,
1919.4583333333333,,
1919.5416666666665,,
1919.625,,
1919.7083333333333,,
1919.7916666666665,,
1919.875,,
1919.9583333333333,,
1920.0416666666665,,
1920.125,,
1920.2083333333333,,
1920.2916666666665,,
1920.375,,
1920.4583333333333,,
1920.5416666666665,,
1920.625,,
1920.7083333333333,,
1920.7916666666665,,
1920.875,,
1920.9583333333333,,
1921.0416666666665,,
1921.125,,
1921.2083333333333,,
1921.2916666666665,,
1921.375,,
1921.4583333333333,,
1921.5416666666665,,
1921.625,,
1921.7083333333333,,
1921.7916666666665,,
1921.875,,
1921.9583333333333,,
1922.0416666666665,,
1922.125,,
1922.2083333333333,,
1922.2916666666665,,
1922.375,,
1922.4583333333333,,
1922.5416666666665,,
1922.625,,
1922.7083333333333,,
1922.7916666666665,,
1922.875,,
1922.9583333333333,,
1923.0416666666665,,
1923.125,,
1923.2083333333333,,
1923.2916666666665,,
1923.375,,
1923.4583333333333,,
1923.5416666666665,,
1923.625,,
1923.7083333333333,,
1923.7916666666665,,
1923.875,,
1923.9583333333333,,
1924.0416666666665,,
1924.125,,
1924.2083333333333,,
1924.2916666666665,,
1924.375,,
1924.4583333333333,,
1924.5416666666665,,
1924.625,,
1924.7083333333333,,
1924.7916666666665,,
1924.875,,
1924.9583333333333,,
1925.0416666666665,,
1925.125,,
1925.2083333333333,,
1925.2916666666665,,
1925.375,,
1925.4583333333333,,
1925.5416666666665,,
1925.625,,
1925.7083333333333,,
1925.7916666666665,,
1925.875,,
1925.9583333333333,,
1926.0416666666665,,
1926.125,,
1926.2083333333333,,
1926.2916666666665,,
1926.375,,
1926.4583333333333,,
1926.5416666666665,0.94436843023177,0.35163565574348626
1926.625,,
1926.7083333333333,,
1926.7916666666665,,
1926.875,0.743533095691735,0.695339982480219
1926.9583333333333,,
1927.0416666666665,,
1927.125,,
1927.2083333333333,,
1927.2916666666665,,
1927.375,,
1927.4583333333333,,
1927.5416666666665,,
1927.625,,
1927.7083333333333,,
1927.7916666666665,,
1927.875,,
1927.9583333333333,,
1928.0416666666665,,
1928.125,,
1928.2083333333333,,
1928.2916666666665,,
1928.375,,
1928.4583333333333,,
1928.5416666666665,-0.10647684616448527,1.0337969149156276
1928.625,,
1928.7083333333333,,
1928.7916666666665,,
1928.875,-2.474512958774822,1.367006453049712
1928.9583333333333,,
1929.0416666666665,,
1929.125,,
1929.2083333333333,,
1929.2916666666665,,
1929.375,,
1929.4583333333333,,
1929.5416666666665,-10.8545491498223,1.6949685968824724
1929.625,,
1929.7083333333333,,
1929.7916666666665,,
1929.875,,
1929.9583333333333,,
1930.0416666666665,,
1930.125,,
1930.2083333333333,,
1930.2916666666665,,
1930.375,,
1930.4583333333333,,
1930.5416666666665,-11.234947640709821,2.0176833464139086
1930.625,,
1930.7083333333333,,
1930.7916666666665,,
1930.875,-9.300574026437392,2.3351507016440203
1930.9583333333333,,
1931.0416666666665,,
1931.125,,
1931.2083333333333,,
1931.2916666666665,,
1931.375,,
1931.4583333333333,,
1931.5416666666665,-9.727423127398414,2.6473706625728077
1931.625,,
1931.7083333333333,,
1931.7916666666665,,
1931.875,-9.554629807693454,2.9543432292002714
1931.9583333333333,,
1932.0416666666665,,
1932.125,,
1932.2083333333333,,
1932.2916666666665,,
1932.375,,
1932.4583333333333,,
1932.5416666666665,-10.139847172483233,3.256068401526411
1932.625,,
1932.7083333333333,,
1932.7916666666665,,
1932.875,-10.371873169175652,3.5525461795512263
1932.9583333333333,,
1933.0416666666665,,
1933.125,,
1933.2083333333333,,
1933.2916666666665,,
1933.375,,
1933.4583333333333,,
1933.5416666666665,-9.789889122665148,3.843776563274717
1933.625,,
1933.7083333333333,,
1933.7916666666665,,
1933.875,-9.987511533817546,4.129759552696884
1933.9583333333333,,
1934.0416666666665,,
1934.125,,
1934.2083333333333,,
1934.2916666666665,,
1934.375,,
1934.4583333333333,,
1934.5416666666665,-12.339127937367586,4.410495147817727
1934.625,,
1934.7083333333333,,
1934.7916666666665,,
1934.875,-12.006360212584385,4.6859833486372455
1934.9583333333333,,
1935.0416666666665,,
1935.125,,
1935.2083333333333,,
1935.2916666666665,,
1935.375,,
1935.4583333333333,,
1935.5416666666665,-11.723572328680342,4.956224155155439
1935.625,,
1935.7083333333333,,
1935.7916666666665,,
1935.875,-10.728422257233978,5.221217567372311
1935.9583333333333,,
1936.0416666666665,,
1936.125,,
1936.2083333333333,,
1936.2916666666665,,
1936.375,,
1936.4583333333333,,
1936.5416666666665,-10.548043650058899,5.480963585287856
1936.625,,
1936.7083333333333,,
1936.7916666666665,,
1936.875,-10.34406093466152,5.73546220890208
1936.9583333333333,,
1937.0416666666665,,
1937.125,,
1937.2083333333333,,
1937.2916666666665,,
1937.375,,
1937.4583333333333,,
1937.5416666666665,-10.895677147476697,5.9847134382149765
1937.625,,
1937.7083333333333,,
1937.7916666666665,,
1937.875,-9.53171876054111,6.22871727322655
1937.9583333333333,,
1938.0416666666665,,
1938.125,,
1938.2083333333333,,
1938.2916666666665,,
1938.375,,
1938.4583333333333,,
1938.5416666666665,-9.352143227820116,6.4674737139367995
1938.625,,
1938.7083333333333,,
1938.7916666666665,,
1938.875,-9.154582544500748,6.700982760345724
1938.9583333333333,,
1939.0416666666665,,
1939.125,,
1939.2083333333333,,
1939.2916666666665,,
1939.375,,
1939.4583333333333,,
1939.5416666666665,-9.140602915060535,6.9292444124533255
1939.625,,
1939.7083333333333,,
1939.7916666666665,,
1939.875,-8.839830834232435,7.152258670259602
1939.9583333333333,,
1940.0416666666665,,
1940.125,,
1940.2083333333333,,
1940.2916666666665,,
1940.375,,
1940.4583333333333,,
1940.5416666666665,-8.689841729762971,7.370025533764555
1940.625,,
1940.7083333333333,,
1940.7916666666665,,
1940.875,-8.022670541490534,7.5825450029681845
1940.9583333333333,,
1941.0416666666665,,
1941.125,,
1941.2083333333333,,
1941.2916666666665,,
1941.375,,
1941.4583333333333,,
1941.5416666666665,-9.070271397352656,7.789817077870488
1941.625,,
1941.7083333333333,,
1941.7916666666665,,
1941.875,-9.472712361962978,7.991841758471469
1941.9583333333333,,
1942.0416666666665,,
1942.125,,
1942.2083333333333,,
1942.2916666666665,,
1942.375,,
1942.4583333333333,,
1942.5416666666665,-8.593136699532513,8.188619044771125
1942.625,,
1942.7083333333333,,
1942.7916666666665,,
1942.875,-7.795576901203383,8.380148936769457
1942.9583333333333,,
1943.0416666666665,,
1943.125,,
1943.2083333333333,,
1943.2916666666665,,
1943.375,,
1943.4583333333333,,
1943.5416666666665,-7.820017167930562,8.566431434466464
1943.625,,
1943.7083333333333,,
1943.7916666666665,,
1943.875,-7.023260444055516,8.747466537862147
1943.9583333333333,,
1944.0416666666665,,
1944.125,,
1944.2083333333333,,
1944.2916666666665,,
1944.375,,
1944.4583333333333,,
1944.5416666666665,-6.743685483539111,8.923254246956509
1944.625,,
1944.7083333333333,,
1944.7916666666665,,
1944.875,-6.606903164742308,9.093794561749542
1944.9583333333333,,
1945.0416666666665,,
1945.125,,
1945.2083333333333,,
1945.2916666666665,,
1945.375,,
1945.4583333333333,,
1945.5416666666665,-6.359322894506688,9.259087482241256
1945.625,,
1945.7083333333333,,
1945.7916666666665,,
1945.875,-6.858550050739135,9.419133008431642
1945.9583333333333,,
1946.0416666666665,,
1946.125,,
1946.2083333333333,,
1946.2916666666665,,
1946.375,,
1946.4583333333333,,
1946.5416666666665,-7.4437670950845805,9.573931140320704
1946.625,,
1946.7083333333333,,
1946.7916666666665,,
1946.875,-7.047011897088441,9.723481877908444
1946.9583333333333,,
1947.0416666666665,,
1947.125,,
1947.2083333333333,,
1947.2916666666665,,
1947.375,,
1947.4583333333333,,
1947.5416666666665,-7.400234441887965,9.867785221194858
1947.625,,
1947.7083333333333,,
1947.7916666666665,,
1947.875,-8.066664283539346,10.006841170179948
1947.9583333333333,,
1948.0416666666665,,
1948.125,,
1948.2083333333333,,
1948.2916666666665,,
1948.375,,
1948.4583333333333,,
1948.5416666666665,-9.317477551609908,10.140649724863716
1948.625,,
1948.7083333333333,,
1948.7916666666665,,
1948.875,-9.285513404801303,10.269210885246157
1948.9583333333333,,
1949.0416666666665,,
1949.125,,
1949.2083333333333,,
1949.2916666666665,,
1949.375,,
1949.4583333333333,,
1949.5416666666665,-8.904331601121353,10.392524651327275
1949.625,,
1949.7083333333333,,
1949.7916666666665,,
1949.875,-9.173171673176013,10.510591023107068
1949.9583333333333,,
1950.0416666666665,,
1950.125,,
1950.2083333333333,,
1950.2916666666665,,
1950.375,,
1950.4583333333333,,
1950.5416666666665,-9.528803113234773,10.623410000585537
1950.625,,
1950.7083333333333,,
1950.7916666666665,,
1950.875,-8.896840492305074,10.730981583762684
1950.9583333333333,,
1951.0416666666665,,
1951.125,,
1951.2083333333333,,
1951.2916666666665,,
1951.375,,
1951.4583333333333,,
1951.5416666666665,-8.801188020931573,10.833305772638504
1951.625,,
1951.7083333333333,,
1951.7916666666665,,
1951.875,-9.746426158404551,10.930382567213002
1951.9583333333333,,
1952.0416666666665,,
1952.125,,
1952.2083333333333,,
1952.2916666666665,,
1952.375,,
1952.4583333333333,,
1952.5416666666665,-11.512982625139214,11.022211967486173
1952.625,,
1952.7083333333333,,
1952.7916666666665,,
1952.875,-12.594993075284044,11.108793973458024
1952.9583333333333,,
1953.0416666666665,,
1953.125,,
1953.2083333333333,,
1953.2916666666665,,
1953.375,,
1953.4583333333333,,
1953.5416666666665,-11.874664629793543,11.190128585128546
1953.625,,
1953.7083333333333,,
1953.7916666666665,,
1953.875,-13.0424619876872,11.266215802497749
1953.9583333333333,,
1954.0416666666665,,
1954.125,,
1954.2083333333333,,
1954.2916666666665,,
1954.375,,
1954.4583333333333,,
1954.5416666666665,-14.409471371076823,11.337055625565624
1954.625,,
1954.7083333333333,,
1954.7916666666665,,
1954.875,-14.16954277329266,11.402648054332175
1954.9583333333333,,
1955.0416666666665,,
1955.125,,
1955.2083333333333,,
1955.2916666666665,,
1955.375,,
1955.4583333333333,,
1955.5416666666665,-15.42989557019533,11.462993088797404
1955.625,,
1955.7083333333333,,
1955.7916666666665,,
1955.875,-15.720423600513383,11.518090728961308
1955.9583333333333,,
1956.0416666666665,,
1956.125,,
1956.2083333333333,,
1956.2916666666665,,
1956.375,,
1956.4583333333333,,
1956.5416666666665,-15.663009480382263,11.567940974823888
1956.625,,
1956.7083333333333,,
1956.7916666666665,,
1956.875,-16.53726663726995,11.612543826385142
1956.9583333333333,,
1957.0416666666665,,
1957.125,,
1957.2083333333333,,
1957.2916666666665,,
1957.375,,
1957.4583333333333,,
1957.5416666666665,-16.537666148937546,11.651899283645074
1957.625,,
1957.7083333333333,,
1957.7916666666665,,
1957.875,-16.391730303678642,11.68600734660368
1957.9583333333333,,
1958.0416666666665,,
1958.125,,
1958.2083333333333,,
1958.2916666666665,,
1958.375,,
1958.4583333333333,,
1958.5416666666665,-16.375342412209175,11.714868015260965
1958.625,,
1958.7083333333333,,
1958.7916666666665,,
1958.875,-17.680191577823358,11.73848128961692
1958.9583333333333,,
1959.0416666666665,,
1959.125,,
1959.2083333333333,,
1959.2916666666665,,
1959.375,,
1959.4583333333333,,
1959.5416666666665,-16.809805805761357,11.756847169671559
1959.625,,
1959.7083333333333,,
1959.7916666666665,,
1959.875,-17.19204296455766,11.769965655424867
1959.9583333333333,,
1960.0416666666665,,
1960.125,,
1960.2083333333333,,
1960.2916666666665,,
1960.375,,
1960.4583333333333,,
1960.5416666666665,-16.799137190903156,11.777836746876856
1960.625,,
1960.7083333333333,,
1960.7916666666665,,
1960.875,-17.87194488945472,11.780460444027515
1960.9583333333333,,
1961.0416666666665,,
1961.125,,
1961.2083333333333,,
1961.2916666666665,,
1961.375,,
1961.4583333333333,,
1961.5416666666665,-17.9437227521991,11.777836746876856
1961.625,,
1961.7083333333333,,
1961.7916666666665,,
1961.875,-20.682523777924196,11.769965655424869
1961.9583333333333,,
1962.0416666666665,,
1962.125,,
1962.2083333333333,,
1962.2916666666665,,
1962.375,,
1962.4583333333333,,
1962.5416666666665,-20.08316774772959,11.756847169671557
1962.625,,
1962.7083333333333,,
1962.7916666666665,,
1962.875,-21.109892717837248,11.738481289616923
1962.9583333333333,,
1963.0416666666665,,
1963.125,,
1963.2083333333333,,
1963.2916666666665,,
1963.375,,
1963.4583333333333,,
1963.5416666666665,-21.711898404181195,11.714868015260965
1963.625,,
1963.7083333333333,,
1963.7916666666665,,
1963.875,-22.021723184179635,11.686007346603681
1963.9583333333333,,
1964.0416666666665,,
1964.125,,
1964.2083333333333,,
1964.2916666666665,,
1964.375,,
1964.4583333333333,,
1964.5416666666665,-20.212977439700953,11.651899283645074
1964.625,,
1964.7083333333333,,
1964.7916666666665,,
1964.875,-20.140301252979075,11.612543826385144
1964.9583333333333,,
1965.0416666666665,,
1965.125,,
1965.2083333333333,,
1965.2916666666665,,
1965.375,,
1965.4583333333333,,
1965.5416666666665,-19.73894565862979,11.567940974823888
1965.625,,
1965.7083333333333,,
1965.7916666666665,,
1965.875,-19.74940576521148,11.51809072896131
1965.9583333333333,,
1966.0416666666665,,
1966.125,,
1966.2083333333333,,
1966.2916666666665,,
1966.375,,
1966.4583333333333,,
1966.5416666666665,-20.035057678547425,11.462993088797404
1966.625,,
1966.7083333333333,,
1966.7916666666665,,
1966.875,-19.403239701318114,11.402648054332179
1966.9583333333333,,
1967.0416666666665,,
1967.125,,
1967.2083333333333,,
1967.2916666666665,,
1967.375,,
1967.4583333333333,,
1967.5416666666665,-19.06219953723889,11.337055625565625
1967.625,,
1967.7083333333333,,
1967.7916666666665,,
1967.875,-18.690144034518237,11.26621580249775
1967.9583333333333,,
1968.0416666666665,,
1968.125,,
1968.2083333333333,,
1968.2916666666665,,
1968.375,,
1968.4583333333333,,
1968.5416666666665,-18.015077854114637,11.190128585128548
1968.625,,
1968.7083333333333,,
1968.7916666666665,,
1968.875,-17.293436087574918,11.108793973458026
1968.9583333333333,,
1969.0416666666665,,
1969.125,,
1969.2083333333333,,
1969.2916666666665,,
1969.375,,
1969.4583333333333,,
1969.5416666666665,-17.0495718093224,11.022211967486175
1969.625,,
1969.7083333333333,,
1969.7916666666665,,
1969.875,-17.178354287924165,10.930382567213003
1969.9583333333333,,
1970.0416666666665,,
1970.125,,
1970.2083333333333,,
1970.2916666666665,,
1970.375,,
1970.4583333333333,,
1970.5416666666665,-18.19914885776054,10.833305772638505
1970.625,,
1970.7083333333333,,
1970.7916666666665,,
1970.875,-18.64296775036411,10.730981583762686
1970.9583333333333,,
1971.0416666666665,,
1971.125,,
1971.2083333333333,,
1971.2916666666665,,
1971.375,,
1971.4583333333333,,
1971.5416666666665,-18.54215987129552,10.623410000585539
1971.625,,
1971.7083333333333,,
1971.7916666666665,,
1971.875,-18.689875103743148,10.51059102310707
1971.9583333333333,,
1972.0416666666665,,
1972.125,,
1972.2083333333333,,
1972.2916666666665,,
1972.375,,
1972.4583333333333,,
1972.5416666666665,-18.207083268041583,10.392524651327278
1972.625,,
1972.7083333333333,,
1972.7916666666665,,
1972.875,-17.85516326006469,10.269210885246158
1972.9583333333333,,
1973.0416666666665,,
1973.125,,
1973.2083333333333,,
1973.2916666666665,,
1973.375,,
1973.4583333333333,,
1973.5416666666665,-17.66379649039951,10.140649724863719
1973.625,,
1973.7083333333333,,
1973.7916666666665,,
1973.875,-18.83871854915514,10.006841170179952
1973.9583333333333,,
1974.0416666666665,,
1974.125,,
1974.2083333333333,,
1974.2916666666665,,
1974.375,,
1974.4583333333333,,
1974.5416666666665,-17.601512557361644,9.867785221194861
1974.625,,
1974.7083333333333,,
1974.7916666666665,,
1974.875,-17.430485797976157,9.723481877908446
1974.9583333333333,,
1975.0416666666665,,
1975.125,,
1975.2083333333333,,
1975.2916666666665,,
1975.375,,
1975.4583333333333,,
1975.5416666666665,-18.739119981985294,9.573931140320708
1975.625,,
1975.7083333333333,,
1975.7916666666665,,
1975.875,-17.358905109946917,9.419133008431643
1975.9583333333333,,
1976.0416666666665,,
1976.125,,
1976.2083333333333,,
1976.2916666666665,,
1976.375,,
1976.4583333333333,,
1976.5416666666665,-16.203682884051535,9.25908748224126
1976.625,,
1976.7083333333333,,
1976.7916666666665,,
1976.875,-15.742209691105208,9.093794561749545
1976.9583333333333,,
1977.0416666666665,,
1977.125,,
1977.2083333333333,,
1977.2916666666665,,
1977.375,,
1977.4583333333333,,
1977.5416666666665,-14.732211029095641,8.923254246956512
1977.625,,
1977.7083333333333,,
1977.7916666666665,,
1977.875,-15.642239600858327,8.74746653786215
1977.9583333333333,,
1978.0416666666665,,
1978.125,,
1978.2083333333333,,
1978.2916666666665,,
1978.375,,
1978.4583333333333,,
1978.5416666666665,-14.938403616781246,8.56643143446647
1978.625,,
1978.7083333333333,,
1978.7916666666665,,
1978.875,-14.714002341555508,8.380148936769459
1978.9583333333333,,
1979.0416666666665,,
1979.125,,
1979.2083333333333,,
1979.2916666666665,,
1979.375,,
1979.4583333333333,,
1979.5416666666665,-13.194129705947645,8.188619044771128
1979.625,,
1979.7083333333333,,
1979.7916666666665,,
1979.875,-12.834539054403459,7.9918417584714705
1979.9583333333333,,
1980.0416666666665,,
1980.125,,
1980.2083333333333,,
1980.2916666666665,,
1980.375,,
1980.4583333333333,,
1980.5416666666665,-12.251543301254,7.7898170778704925
1980.625,,
1980.7083333333333,,
1980.7916666666665,,
1980.875,-12.923340884626462,7.582545002968191
1980.9583333333333,,
1981.0416666666665,,
1981.125,,
1981.2083333333333,,
1981.2916666666665,,
1981.375,,
1981.4583333333333,,
1981.5416666666665,-13.758485067973078,7.370025533764559
1981.625,,
1981.7083333333333,,
1981.7916666666665,,
1981.875,-13.648109523427141,7.152258670259609
1981.9583333333333,,
1982.0416666666665,,
1982.125,,
1982.2083333333333,,
1982.2916666666665,,
1982.375,,
1982.4583333333333,,
1982.5416666666665,-12.3105405574006,6.929244412453329
1982.625,,
1982.7083333333333,,
1982.7916666666665,,
1982.875,-12.606428318146087,6.700982760345731
1982.9583333333333,,
1983.0416666666665,,
1983.125,,
1983.2083333333333,,
1983.2916666666665,,
1983.375,,
1983.4583333333333,,
1983.5416666666665,-11.654804542387973,6.467473713936802
1983.625,,
1983.7083333333333,,
1983.7916666666665,,
1983.875,,
1983.9583333333333,,
1984.0416666666665,,
1984.125,,
1984.2083333333333,,
1984.2916666666665,,
1984.375,,
1984.4583333333333,,
1984.5416666666665,,
1984.625,,
1984.7083333333333,,
1984.7916666666665,,
1984.875,-11.228554800111743,6.228717273226556
1984.9583333333333,,
1985.0416666666665,,
1985.125,,
1985.2083333333333,,
1985.2916666666665,,
1985.375,,
1985.4583333333333,,
1985.5416666666665,-10.120391767746254,5.984713438214979
1985.625,,
1985.7083333333333,,
1985.7916666666665,,
1985.875,-9.007355706229816,5.735462208902084
1985.9583333333333,,
1986.0416666666665,,
1986.125,,
1986.2083333333333,,
1986.2916666666665,,
1986.375,,
1986.4583333333333,,
1986.5416666666665,-8.989361673510865,5.480963585287859
1986.625,,
1986.7083333333333,,
1986.7916666666665,,
1986.875,-8.41904211290847,5.2212175673723165
1986.9583333333333,,
1987.0416666666665,,
1987.125,,
1987.2083333333333,,
1987.2916666666665,,
1987.375,,
1987.4583333333333,,
1987.5416666666665,-8.814295927766862,4.956224155155442
1987.625,,
1987.7083333333333,,
1987.7916666666665,,
1987.875,-8.302078717539134,4.685983348637251
1987.9583333333333,,
1988.0416666666665,,
1988.125,,
1988.2083333333333,,
1988.2916666666665,,
1988.375,,
1988.4583333333333,,
1988.5416666666665,-8.47775129619344,4.410495147817729
1988.625,,
1988.7083333333333,,
1988.7916666666665,,
1988.875,-7.584764734826041,4.129759552696889
1988.9583333333333,,
1989.0416666666665,,
1989.125,,
1989.2083333333333,,
1989.2916666666665,,
1989.375,,
1989.4583333333333,,
1989.5416666666665,-7.244660142638286,3.8437765632747265
1989.625,,
1989.7083333333333,,
1989.7916666666665,,
1989.875,-6.944058039584449,3.552546179551231
1989.9583333333333,,
1990.0416666666665,,
1990.125,,
1990.2083333333333,,
1990.2916666666665,,
1990.375,,
1990.4583333333333,,
1990.5416666666665,-6.93714471803841,3.25606840152642
1990.625,,
1990.7083333333333,,
1990.7916666666665,,
1990.875,-6.714406764054701,2.954343229200276
1990.9583333333333,,
1991.0416666666665,,
1991.125,,
1991.2083333333333,,
1991.2916666666665,,
1991.375,,
1991.4583333333333,,
1991.5416666666665,-6.366022404665287,2.6473706625728166
1991.625,,
1991.7083333333333,,
1991.7916666666665,,
1991.875,-6.600456983831293,2.3351507016440243
1991.9583333333333,,
1992.0416666666665,,
1992.125,,
1992.2083333333333,,
1992.2916666666665,,
1992.375,,
1992.4583333333333,,
1992.5416666666665,,
1992.625,,
1992.7083333333333,,
1992.7916666666665,,
1992.875,,
1992.9583333333333,,
1993.0416666666665,,
1993.125,,
1993.2083333333333,,
1993.2916666666665,,
1993.375,,
1993.4583333333333,,
1993.5416666666665,-5.488949973136609,2.017683346413917
1993.625,,
1993.7083333333333,,
1993.7916666666665,,
1993.875,-4.791827810500815,1.694968596882476
1993.9583333333333,,
1994.0416666666665,,
1994.125,,
1994.2083333333333,,
1994.2916666666665,,
1994.375,,
1994.4583333333333,,
1994.5416666666665,,
1994.625,,
1994.7083333333333,,
1994.7916666666665,,
1994.875,,
1994.9583333333333,,
1995.0416666666665,,
1995.125,,
1995.2083333333333,,
1995.2916666666665,,
1995.375,,
1995.4583333333333,,
1995.5416666666665,-3.2011063923362553,1.3670064530497201
1995.625,,
1995.7083333333333,,
1995.7916666666665,,
1995.875,,
1995.9583333333333,,
1996.0416666666665,,
1996.125,,
1996.2083333333333,,
1996.2916666666665,,
1996.375,,
1996.4583333333333,,
1996.5416666666665,,
1996.625,,
1996.7083333333333,,
1996.7916666666665,,
1996.875,,
1996.9583333333333,,
1997.0416666666665,,
1997.125,,
1997.2083333333333,,
1997.2916666666665,,
1997.375,,
1997.4583333333333,,
1997.5416666666665,,
1997.625,,
1997.7083333333333,,
1997.7916666666665,,
1997.875,,
1997.9583333333333,,
1998.0416666666665,,
1998.125,,
1998.2083333333333,,
1998.2916666666665,,
1998.375,,
1998.4583333333333,,
1998.5416666666665,,
1998.625,,
1998.7083333333333,,
1998.7916666666665,,
1998.875,,
1998.9583333333333,,
1999.0416666666665,,
1999.125,,
1999.2083333333333,,
1999.2916666666665,,
1999.375,,
1999.4583333333333,,
1999.5416666666665,,
1999.625,,
1999.7083333333333,,
1999.7916666666665,,
1999.875,,
1999.9583333333333,,
2000.0416666666665,,
2000.125,,
2000.2083333333333,,
2000.2916666666665,,
2000.375,,
2000.4583333333333,,
2000.5416666666665,,
2000.625,,
2000.7083333333333,,
2000.7916666666665,,
2000.875,,
2000.9583333333333,,
2001.0416666666665,,
2001.125,,
2001.2083333333333,,
2001.2916666666665,,
2001.375,,
2001.4583333333333,,
2001.5416666666665,,
2001.625,,
2001.7083333333333,,
2001.7916666666665,,
2001.875,,
2001.9583333333333,,
2002.0416666666665,,
2002.125,,
2002.2083333333333,,
2002.2916666666665,,
2002.375,,
2002.4583333333333,,
2002.5416666666665,,
2002.625,,
2002.7083333333333,,
2002.7916666666665,,
2002.875,,
2002.9583333333333,,
2003.0416666666665,,
2003.125,,
2003.2083333333333,,
2003.2916666666665,,
2003.375,,
2003.4583333333333,,
2003.5416666666665,,
2003.625,,
2003.7083333333333,,
2003.7916666666665,,
2003.875,,
2003.9583333333333,,
2004.0416666666665,,
2004.125,,
2004.2083333333333,,
2004.2916666666665,,
2004.375,,
2004.4583333333333,,
2004.5416666666665,,
2004.625,,
2004.7083333333333,,
2004.7916666666665,,
2004.875,,
2004.9583333333333,,
2005.0416666666665,,
2005.125,,
2005.2083333333333,,
2005.2916666666665,,
2005.375,,
2005.4583333333333,,
2005.5416666666665,,
2005.625,,
2005.7083333333333,,
2005.7916666666665,,
2005.875,,
2005.9583333333333,,
2006.0416666666665,,
2006.125,,
2006.2083333333333,,
2006.2916666666665,,
2006.375,,
2006.4583333333333,,
2006.5416666666665,,
2006.625,,
2006.7083333333333,,
2006.7916666666665,,
2006.875,,
2006.9583333333333,,
2007.0416666666665,,
2007.125,,
2007.2083333333333,,
2007.2916666666665,,
2007.375,,
2007.4583333333333,,
2007.5416666666665,,
2007.625,,
2007.7083333333333,,
2007.7916666666665,,
2007.875,,
2007.9583333333333,,
2008.0416666666665,,
2008.125,,
2008.2083333333333,,
2008.2916666666665,,
2008.375,,
2008.4583333333333,,
2008.5416666666665,,
2008.625,,
2008.7083333333333,,
2008.7916666666665,,
2008.875,,
2008.9583333333333,,
2009.0416666666665,,
2009.125,,
2009.2083333333333,,
2009.2916666666665,,
2009.375,,
2009.4583333333333,,
2009.5416666666665,,
2009.625,,
2009.7083333333333,,
2009.7916666666665,,
2009.875,-3.220610808203865,1.0337969149156307
2009.9583333333333,,
2010.0416666666665,,
2010.125,,
2010.2083333333333,,
2010.2916666666665,,
2010.375,,
2010.4583333333333,,
2010.5416666666665,-1.1292453736827284,0.6953399824802269
2010.625,,
2010.7083333333333,,
2010.7916666666665,,
2010.875,1.0880185641326534e-14,0.3516356557434888
2010.9583333333333,,
2011.0416666666665,,
2011.125,,
2011.2083333333333,,
2011.2916666666665,,
2011.375,,
2011.4583333333333,,
2011.5416666666665,,
2011.625,,
2011.7083333333333,,
2011.7916666666665,,
2011.875,,
2011.9583333333333,,
2012.0416666666665,,
2012.125,,
2012.2083333333333,,
2012.2916666666665,,
2012.375,,
2012.4583333333333,,
2012.5416666666665,,
2012.625,,
2012.7083333333333,,
2012.7916666666665,,
2012.875,,
2012.9583333333333,,
2013.0416666666665,,
2013.125,,
2013.2083333333333,,
2013.2916666666665,,
2013.375,,
2013.4583333333333,,
2013.5416666666665,,
2013.625,,
2013.7083333333333,,
2013.7916666666665,,
2013.875,,
2013.9583333333333,,
2014.0416666666665,,
2014.125,,
2014.2083333333333,,
2014.2916666666665,,
2014.375,,
2014.4583333333333,,
2014.5416666666665,,
2014.625,,
2014.7083333333333,,
2014.7916666666665,,
2014.875,,
2014.9583333333333,,
2015.0416666666665,,
2015.125,,
2015.2083333333333,,
2015.2916666666665,,
2015.375,,
2015.4583333333333,,
2015.5416666666665,,
2015.625,,
2015.7083333333333,,
2015.7916666666665,,
2015.875,,
2015.9583333333333,,
2016.0416666666665,,
2016.125,,
2016.2083333333333,,
2016.2916666666665,,
2016.375,,
2016.4583333333333,,
2016.5416666666665,,
2016.625,,
2016.7083333333333,,
2016.7916666666665,,
2016.875,,
2016.9583333333333,,
2017.0416666666665,,
2017.125,,
2017.2083333333333,,
2017.2916666666665,,
2017.375,,
2017.4583333333333,,
2017.5416666666665,,
2017.625,,
2017.7083333333333,,
2017.7916666666665,,
2017.875,,
2017.9583333333333,,
2018.0416666666665,,
2018.125,,
2018.2083333333333,,
2018.2916666666665,,
2018.375,,
2018.4583333333333,,
2018.5416666666665,,
2018.625,,
2018.7083333333333,,
2018.7916666666665,,
2018.875,,
2018.9583333333333,,
2019.0416666666665,,
2019.125,,
2019.2083333333333,,
2019.2916666666665,,
2019.375,,
2019.4583333333333,,
2019.5416666666665,,
2019.625,,
2019.7083333333333,,
2019.7916666666665,,
2019.875,,
2019.9583333333333,,
2020.0416666666665,,
2020.125,,
2020.2083333333333,,
2020.2916666666665,,
2020.375,,
2020.4583333333333,,
2020.5416666666665,,
2020.625,,
2020.7083333333333,,
2020.7916666666665,,
2020.875,,
2020.9583333333333,,
