",tas"
"1850-01-31,-0.6745643701096202"
"1850-02-28,-0.33341597782160093"
"1850-03-31,-0.5913226325636404"
"1850-04-30,-0.5887211722846911"
"1850-05-31,-0.5081851030165047"
"1850-06-30,-0.344240117908988"
"1850-07-31,-0.15979019068333755"
"1850-08-31,-0.2076542935326944"
"1850-09-30,-0.38470692807619883"
"1850-10-31,-0.5331265367865242"
"1850-11-30,-0.2825075208660613"
"1850-12-31,-0.40367042786512414"
"1851-01-31,-0.2007393872995465"
"1851-02-28,-0.46933235150933506"
"1851-03-31,-0.6460530514707198"
"1851-04-30,-0.542132599607966"
"1851-05-31,-0.19762274850271652"
"1851-06-30,-0.13670355316436825"
"1851-07-31,-0.09681560424282697"
"1851-08-31,-0.10175374768422468"
"1851-09-30,-0.09124488020500873"
"1851-10-31,-0.008362630344576438"
"1851-11-30,-0.08189083685896076"
"1851-12-31,-0.22754621183414886"
"1852-01-31,-0.37509566248696"
"1852-02-29,-0.47672673038793467"
"1852-03-31,-0.5597683305748153"
"1852-04-30,-0.585370449332988"
"1852-05-31,-0.12741269189581406"
"1852-06-30,-0.0836591322088029"
"1852-07-31,0.005029384760933631"
"1852-08-31,-0.13558697051701962"
"1852-09-30,-0.0019016695268494655"
"1852-10-31,-0.17243400623415817"
"1852-11-30,-0.3052479126817043"
"1852-12-31,0.06538530352691047"
"1853-01-31,-0.23259853011898418"
"1853-02-28,-0.40372267207133034"
"1853-03-31,-0.28042167795094985"
"1853-04-30,-0.3863199404799309"
"1853-05-31,-0.2678886149429937"
"1853-06-30,-0.14237619811278315"
"1853-07-31,-0.08344057778210413"
"1853-08-31,-0.0566471030895914"
"1853-09-30,-0.25025040508909835"
"1853-10-31,-0.3917679972031101"
"1853-11-30,-0.4114205335876545"
"1853-12-31,-0.33739905452592667"
"1854-01-31,-0.38137340087959964"
"1854-02-28,-0.3610940450127142"
"1854-03-31,-0.24269956011372243"
"1854-04-30,-0.3338324245905682"
"1854-05-31,-0.2907923847702481"
"1854-06-30,-0.2990268770165086"
"1854-07-31,-0.17864197599580733"
"1854-08-31,-0.23944737894489357"
"1854-09-30,-0.2167434420427709"
"1854-10-31,-0.09526510931085905"
"1854-11-30,-0.41029203044936124"
"1854-12-31,-0.45035180274386294"
"1855-01-31,-0.15919624121906953"
"1855-02-28,-0.3134493788458404"
"1855-03-31,-0.34401498054875673"
"1855-04-30,-0.21820336534053497"
"1855-05-31,-0.3877071286569119"
"1855-06-30,-0.33296261646545205"
"1855-07-31,-0.3329893067321592"
"1855-08-31,-0.1995246231033664"
"1855-09-30,-0.27071292755574555"
"1855-10-31,-0.19544719696762988"
"1855-11-30,-0.38930947152989126"
"1855-12-31,-0.41989731245046985"
"1856-01-31,-0.07562823861226248"
"1856-02-29,-0.33713822732808046"
"1856-03-31,-0.35769271486509396"
"1856-04-30,-0.31593842010445927"
"1856-05-31,-0.28508006689486076"
"1856-06-30,-0.21416615690525753"
"1856-07-31,-0.22469247669545198"
"1856-08-31,-0.23770598115220537"
"1856-09-30,-0.3882149153584713"
"1856-10-31,-0.43813570530655455"
"1856-11-30,-0.5523279378898828"
"1856-12-31,-0.41752372051985204"
"1857-01-31,-0.49476225167543075"
"1857-02-28,-0.4348799644532211"
"1857-03-31,-0.47860673397060766"
"1857-04-30,-0.6443353869955892"
"1857-05-31,-0.6587118291190265"
"1857-06-30,-0.3041452628724655"
"1857-07-31,-0.41136951657093845"
"1857-08-31,-0.36897413315077904"
"1857-09-30,-0.37968943842987757"
"1857-10-31,-0.4726354618205939"
"1857-11-30,-0.6851334927667488"
"1857-12-31,-0.2735170280557966"
"1858-01-31,-0.29548538938036517"
"1858-02-28,-0.47690182673861076"
"1858-03-31,-0.547657496758359"
"1858-04-30,-0.4279942840776903"
"1858-05-31,-0.5320950558557298"
"1858-06-30,-0.3795212252828982"
"1858-07-31,-0.3355508130173251"
"1858-08-31,-0.27754985298422996"
"1858-09-30,-0.2831858799640653"
"1858-10-31,-0.2887328948889484"
"1858-11-30,-0.36552475171556353"
"1858-12-31,-0.4549886866253408"
"1859-01-31,-0.3814846645723074"
"1859-02-28,-0.34352296828393775"
"1859-03-31,-0.3137172735443103"
"1859-04-30,-0.15715947038814976"
"1859-05-31,-0.15164812055291196"
"1859-06-30,-0.249576443126778"
"1859-07-31,-0.3120900205597848"
"1859-08-31,-0.24464844735819533"
"1859-09-30,-0.3938579989309055"
"1859-10-31,-0.2547204497100173"
"1859-11-30,-0.2875482059583278"
"1859-12-31,-0.28437134740732756"
"1860-01-31,-0.3905829741847593"
"1860-02-29,-0.4682911866562048"
"1860-03-31,-0.7864608594212525"
"1860-04-30,-0.30610729210781884"
"1860-05-31,-0.36362674923801236"
"1860-06-30,-0.21145956589853243"
"1860-07-31,-0.18476459189163436"
"1860-08-31,-0.11423859779740081"
"1860-09-30,-0.13131975245707073"
"1860-10-31,-0.345959501057631"
"1860-11-30,-0.6049400254844473"
"1860-12-31,-0.7742310356588488"
"1861-01-31,-0.9180395485464267"
"1861-02-28,-0.6245886163790343"
"1861-03-31,-0.41567023448197504"
"1861-04-30,-0.3862362634518898"
"1861-05-31,-0.660751891642483"
"1861-06-30,-0.2520212765834568"
"1861-07-31,-0.29750191018340594"
"1861-08-31,-0.0410931270814957"
"1861-09-30,-0.27033229009750864"
"1861-10-31,-0.4766464501635784"
"1861-11-30,-0.45758948262494237"
"1861-12-31,-0.3508542476269188"
"1862-01-31,-0.8248371745572959"
"1862-02-28,-0.7155355918476792"
"1862-03-31,-0.5353962933945092"
"1862-04-30,-0.5220845500908631"
"1862-05-31,-0.3478659119104005"
"1862-06-30,-0.3066113783369535"
"1862-07-31,-0.3448705856376385"
"1862-08-31,-0.45618081790847115"
"1862-09-30,-0.36242420476843995"
"1862-10-31,-0.4486702784053512"
"1862-11-30,-0.6777554692619302"
"1862-12-31,-0.8945406314093545"
"1863-01-31,-0.07634223366569208"
"1863-02-28,-0.24953308718699854"
"1863-03-31,-0.35499871666637817"
"1863-04-30,-0.28827204360154146"
"1863-05-31,-0.38400409840988997"
"1863-06-30,-0.3691290435890653"
"1863-07-31,-0.3123346805006903"
"1863-08-31,-0.29738236623410846"
"1863-09-30,-0.3520411290760196"
"1863-10-31,-0.5043271980945022"
"1863-11-30,-0.4405580335247409"
"1863-12-31,-0.5031957633998848"
"1864-01-31,-0.8532363795269875"
"1864-02-29,-0.5934414683502534"
"1864-03-31,-0.49939687098014235"
"1864-04-30,-0.5435886109477605"
"1864-05-31,-0.32347066675588193"
"1864-06-30,-0.11254485238897793"
"1864-07-31,-0.2596058392839911"
"1864-08-31,-0.3079487910594836"
"1864-09-30,-0.44253169276422993"
"1864-10-31,-0.602909371035704"
"1864-11-30,-0.4562387561634236"
"1864-12-31,-0.5903271943245617"
"1865-01-31,-0.17609701732969094"
"1865-02-28,-0.4666803834551675"
"1865-03-31,-0.6612211725813225"
"1865-04-30,-0.44815329014698224"
"1865-05-31,-0.3776728105474993"
"1865-06-30,-0.19587780072325614"
"1865-07-31,-0.21560228134123471"
"1865-08-31,-0.21177976588478983"
"1865-09-30,-0.17093047326006805"
"1865-10-31,-0.269425445623298"
"1865-11-30,-0.33705235486755597"
"1865-12-31,-0.46056138452993195"
"1866-01-31,-0.13209919128493122"
"1866-02-28,-0.40108875875216143"
"1866-03-31,-0.6821522048312437"
"1866-04-30,-0.4543501241736112"
"1866-05-31,-0.5719213040149796"
"1866-06-30,-0.09851139459409497"
"1866-07-31,-0.008510370195594601"
"1866-08-31,-0.2494714942748104"
"1866-09-30,-0.377752577553121"
"1866-10-31,-0.4206271986995071"
"1866-11-30,-0.2982907631158905"
"1866-12-31,-0.4003524241420524"
"1867-01-31,-0.4051875223054673"
"1867-02-28,-0.3535976239905696"
"1867-03-31,-0.6812088858450136"
"1867-04-30,-0.421302292697666"
"1867-05-31,-0.5743617584252712"
"1867-06-30,-0.35023193988550844"
"1867-07-31,-0.25301103569664546"
"1867-08-31,-0.3304771414768186"
"1867-09-30,-0.14789357683406934"
"1867-10-31,-0.12525536391974132"
"1867-11-30,-0.19566038421844772"
"1867-12-31,-0.44537254566450885"
"1868-01-31,-0.6848775547575121"
"1868-02-29,-0.6932754795862411"
"1868-03-31,-0.33465612891238194"
"1868-04-30,-0.3629940229954306"
"1868-05-31,-0.28559557598142327"
"1868-06-30,-0.29764695021987414"
"1868-07-31,-0.059621981742520334"
"1868-08-31,-0.19327090572208072"
"1868-09-30,-0.3447736563897802"
"1868-10-31,-0.2296690542203937"
"1868-11-30,-0.42318084439468673"
"1868-12-31,-0.31396636243823633"
"1869-01-31,-0.33569096687185995"
"1869-02-28,0.13131645006388282"
"1869-03-31,-0.6257712177315462"
"1869-04-30,-0.40569929467298155"
"1869-05-31,-0.3099706988897805"
"1869-06-30,-0.38451381883807995"
"1869-07-31,-0.4170702446766911"
"1869-08-31,-0.16793925237360527"
"1869-09-30,-0.1716275156982332"
"1869-10-31,-0.29348238167605023"
"1869-11-30,-0.28181320444315916"
"1869-12-31,-0.5365831341647216"
"1870-01-31,-0.21106680623109775"
"1870-02-28,-0.4544138760188076"
"1870-03-31,-0.498334695408776"
"1870-04-30,-0.3329407341953035"
"1870-05-31,-0.2977442147456608"
"1870-06-30,-0.23123583176911844"
"1870-07-31,-0.07335795521935172"
"1870-08-31,-0.2582274192378713"
"1870-09-30,-0.20231719669189704"
"1870-10-31,-0.44285796513322084"
"1870-11-30,-0.26582180466701244"
"1870-12-31,-0.6663718045807079"
"1871-01-31,-0.5583113333101604"
"1871-02-28,-0.6715548204660231"
"1871-03-31,-0.17169894602793312"
"1871-04-30,-0.22192765770390976"
"1871-05-31,-0.36220169326796336"
"1871-06-30,-0.28641549884152695"
"1871-07-31,-0.08243316298115903"
"1871-08-31,-0.3223667621207298"
"1871-09-30,-0.3610723217724107"
"1871-10-31,-0.3732753646357439"
"1871-11-30,-0.5226967736740746"
"1871-12-31,-0.4890141769395525"
"1872-01-31,-0.5987887198184129"
"1872-02-29,-0.6198703484033649"
"1872-03-31,-0.5237020039400009"
"1872-04-30,-0.3854148010034375"
"1872-05-31,-0.1415199413542665"
"1872-06-30,-0.27950048408324984"
"1872-07-31,-0.14631678518563584"
"1872-08-31,0.008637112005775731"
"1872-09-30,-0.17648243755548843"
"1872-10-31,-0.20351919319229247"
"1872-11-30,-0.32202853153894145"
"1872-12-31,-0.5479974803748074"
"1873-01-31,-0.2616504355601912"
"1873-02-28,-0.2829325201433343"
"1873-03-31,-0.40872379814660703"
"1873-04-30,-0.4805552852283197"
"1873-05-31,-0.35092069948447374"
"1873-06-30,-0.3205491167323518"
"1873-07-31,-0.17570110545317583"
"1873-08-31,-0.22783395642002524"
"1873-09-30,-0.4052554546274608"
"1873-10-31,-0.3906486852593006"
"1873-11-30,-0.46331127797338456"
"1873-12-31,-0.32790571830319687"
"1874-01-31,-0.19854626820514537"
"1874-02-28,-0.43842115647259944"
"1874-03-31,-0.6729315100750903"
"1874-04-30,-0.43703580036215506"
"1874-05-31,-0.3339913554288402"
"1874-06-30,-0.565847144719488"
"1874-07-31,-0.16706697676855412"
"1874-08-31,-0.29607110440301637"
"1874-09-30,-0.16819393472183655"
"1874-10-31,-0.4711575611986092"
"1874-11-30,-0.4177448824673127"
"1874-12-31,-0.31200655646929093"
"1875-01-31,-0.5711181710260879"
"1875-02-28,-0.47927208753486994"
"1875-03-31,-0.564302716305932"
"1875-04-30,-0.3580559282304461"
"1875-05-31,-0.27283622173133937"
"1875-06-30,-0.2799617513798932"
"1875-07-31,-0.18206007412523392"
"1875-08-31,-0.24648567953247436"
"1875-09-30,-0.2342787855376455"
"1875-10-31,-0.2332144024150164"
"1875-11-30,-0.5092054690919658"
"1875-12-31,-0.5767200311979163"
"1876-01-31,-0.5137040865430553"
"1876-02-29,-0.33739863202139553"
"1876-03-31,-0.36232422840396894"
"1876-04-30,-0.4242767617740009"
"1876-05-31,-0.5904251228509945"
"1876-06-30,-0.3522790495949401"
"1876-07-31,-0.21372749051126166"
"1876-08-31,-0.32724735015155365"
"1876-09-30,-0.4178413628509034"
"1876-10-31,-0.2998356241412843"
"1876-11-30,-0.606846725437729"
"1876-12-31,-0.6434126336802584"
"1877-01-31,-0.41108240492632225"
"1877-02-28,-0.20926146620689348"
"1877-03-31,-0.09135856480582519"
"1877-04-30,-0.34591710062414477"
"1877-05-31,-0.4112765240593468"
"1877-06-30,-0.13819987775119716"
"1877-07-31,-0.01625321503201319"
"1877-08-31,0.2107305195636292"
"1877-09-30,0.107581216863705"
"1877-10-31,0.11331653006347958"
"1877-11-30,0.03397783048163757"
"1877-12-31,-0.05556291148506917"
"1878-01-31,-0.06979711292806635"
"1878-02-28,0.22940953984993243"
"1878-03-31,0.361329271025936"
"1878-04-30,0.1885373829921814"
"1878-05-31,-0.12240139253339087"
"1878-06-30,0.010291124443575867"
"1878-07-31,-0.0772364009493517"
"1878-08-31,-0.04655335092232663"
"1878-09-30,0.020835021048875184"
"1878-10-31,-0.165015908241896"
"1878-11-30,-0.14255811595632248"
"1878-12-31,-0.32262237625509577"
"1879-01-31,-0.23778471063788512"
"1879-02-28,-0.2660204782179083"
"1879-03-31,-0.2583883961533465"
"1879-04-30,-0.3824004962468164"
"1879-05-31,-0.34387106672551093"
"1879-06-30,-0.28325993495931473"
"1879-07-31,-0.264122489998006"
"1879-08-31,-0.26534293658564906"
"1879-09-30,-0.235569254183088"
"1879-10-31,-0.15905875172603853"
"1879-11-30,-0.39733799434801553"
"1879-12-31,-0.5504553479050804"
"1880-01-31,-0.39386343078736763"
"1880-02-29,-0.4498938147097195"
"1880-03-31,-0.1943867370897901"
"1880-04-30,-0.33803282943554863"
"1880-05-31,-0.32535019925644293"
"1880-06-30,-0.38053035559724013"
"1880-07-31,-0.3148067816588926"
"1880-08-31,-0.10718303253354027"
"1880-09-30,-0.29703382670719397"
"1880-10-31,-0.3909492296503252"
"1880-11-30,-0.2806895795874737"
"1880-12-31,-0.3172650932867443"
"1881-01-31,-0.2146303166791678"
"1881-02-28,-0.22458803717709053"
"1881-03-31,-0.24820605756084327"
"1881-04-30,-0.06252021510792626"
"1881-05-31,-0.12189842671307353"
"1881-06-30,-0.3990827325814368"
"1881-07-31,-0.19404487095072664"
"1881-08-31,-0.13816847416421585"
"1881-09-30,-0.3007603100613223"
"1881-10-31,-0.23050809685704338"
"1881-11-30,-0.38121366843727444"
"1881-12-31,-0.27132501227622446"
"1882-01-31,-0.025385772928539815"
"1882-02-28,-0.11726176762640432"
"1882-03-31,-0.17708034094132877"
"1882-04-30,-0.3147416397884733"
"1882-05-31,-0.3257299667916838"
"1882-06-30,-0.3922548340341633"
"1882-07-31,-0.34102683240570125"
"1882-08-31,-0.24510052391089077"
"1882-09-30,-0.15044587482767377"
"1882-10-31,-0.39908360136890075"
"1882-11-30,-0.40350993298185217"
"1882-12-31,-0.6547399560422903"
"1883-01-31,-0.4727727787018003"
"1883-02-28,-0.48543221842634354"
"1883-03-31,-0.26636964728960355"
"1883-04-30,-0.4390348761948629"
"1883-05-31,-0.3400282987156926"
"1883-06-30,-0.1901544058331651"
"1883-07-31,-0.21858145466069254"
"1883-08-31,-0.2878833492423004"
"1883-09-30,-0.30626817969294234"
"1883-10-31,-0.34009958966494735"
"1883-11-30,-0.3962506423650407"
"1883-12-31,-0.4148174418019927"
"1884-01-31,-0.44355370708731745"
"1884-02-29,-0.33285656057049406"
"1884-03-31,-0.505468116025689"
"1884-04-30,-0.5089616000990457"
"1884-05-31,-0.5656212343954273"
"1884-06-30,-0.5137892839540553"
"1884-07-31,-0.5658637066136022"
"1884-08-31,-0.4291219999724109"
"1884-09-30,-0.5043302751478708"
"1884-10-31,-0.463345993415532"
"1884-11-30,-0.5852065130990195"
"1884-12-31,-0.48972188107719516"
"1885-01-31,-0.6561416174649591"
"1885-02-28,-0.5527571958449445"
"1885-03-31,-0.4210164142954372"
"1885-04-30,-0.634970378455268"
"1885-05-31,-0.6063121460940638"
"1885-06-30,-0.6366488475580276"
"1885-07-31,-0.42047032070227075"
"1885-08-31,-0.40506779239083157"
"1885-09-30,-0.3567331458382146"
"1885-10-31,-0.3615076681365663"
"1885-11-30,-0.3842559803075639"
"1885-12-31,-0.21760141654961113"
"1886-01-31,-0.479744991684259"
"1886-02-28,-0.47879000400807326"
"1886-03-31,-0.48723002793534465"
"1886-04-30,-0.361586679248602"
"1886-05-31,-0.2925712612494348"
"1886-06-30,-0.5019767517447273"
"1886-07-31,-0.3021988057755045"
"1886-08-31,-0.45738658092353945"
"1886-09-30,-0.3907921442342688"
"1886-10-31,-0.412978629766523"
"1886-11-30,-0.4907894674535024"
"1886-12-31,-0.3947979859819881"
"1887-01-31,-0.7437699990618544"
"1887-02-28,-0.6588821262312132"
"1887-03-31,-0.44538546478609453"
"1887-04-30,-0.48280383312029795"
"1887-05-31,-0.529459515968042"
"1887-06-30,-0.5258426797789759"
"1887-07-31,-0.3889087653060106"
"1887-08-31,-0.4455424938012868"
"1887-09-30,-0.38855249847145834"
"1887-10-31,-0.44461457740065574"
"1887-11-30,-0.43516164392700496"
"1887-12-31,-0.4965056726433761"
"1888-01-31,-0.618470380057567"
"1888-02-29,-0.587287845799133"
"1888-03-31,-0.5972591468922214"
"1888-04-30,-0.3519317866549217"
"1888-05-31,-0.4113079277100527"
"1888-06-30,-0.32171711960367005"
"1888-07-31,-0.338626191930909"
"1888-08-31,-0.31051375528180325"
"1888-09-30,-0.3246945789124956"
"1888-10-31,-0.16644995404663981"
"1888-11-30,-0.26496225070588264"
"1888-12-31,-0.2593257018198251"
"1889-01-31,-0.2966626912154041"
"1889-02-28,-0.006579388923942114"
"1889-03-31,-0.08734917479244803"
"1889-04-30,-0.08679017872426922"
"1889-05-31,-0.1581129707099058"
"1889-06-30,-0.21282647416595318"
"1889-07-31,-0.2809022757119347"
"1889-08-31,-0.3071344258710941"
"1889-09-30,-0.34166073704922056"
"1889-10-31,-0.3700104726357211"
"1889-11-30,-0.5064448650921852"
"1889-12-31,-0.3442729695856457"
"1890-01-31,-0.533900537689364"
"1890-02-28,-0.46501266962442267"
"1890-03-31,-0.6111192484540908"
"1890-04-30,-0.49407723794216357"
"1890-05-31,-0.5364693250676406"
"1890-06-30,-0.4948030461402284"
"1890-07-31,-0.4891409564442812"
"1890-08-31,-0.4669948520603849"
"1890-09-30,-0.4822080072955322"
"1890-10-31,-0.4391855914050975"
"1890-11-30,-0.6700871681156017"
"1890-12-31,-0.3992992996185455"
"1891-01-31,-0.5801990273778398"
"1891-02-28,-0.5975708502550988"
"1891-03-31,-0.36251078109472545"
"1891-04-30,-0.4480747778463629"
"1891-05-31,-0.34619383080145466"
"1891-06-30,-0.3750950046679366"
"1891-07-31,-0.3996699008055212"
"1891-08-31,-0.3548556958163445"
"1891-09-30,-0.2566960077057923"
"1891-10-31,-0.342968097905444"
"1891-11-30,-0.5339126275681642"
"1891-12-31,-0.21803271424044837"
"1892-01-31,-0.4647994119122532"
"1892-02-29,-0.2896701847589267"
"1892-03-31,-0.5329979984634491"
"1892-04-30,-0.5456076356851784"
"1892-05-31,-0.45689039820677224"
"1892-06-30,-0.4364423861420413"
"1892-07-31,-0.5867592244512754"
"1892-08-31,-0.5083249644228949"
"1892-09-30,-0.3824374957986362"
"1892-10-31,-0.4338217561687328"
"1892-11-30,-0.6606942128601068"
"1892-12-31,-0.7922567607737068"
"1893-01-31,-1.0448953010735142"
"1893-02-28,-0.8449927661761097"
"1893-03-31,-0.42680095617547914"
"1893-04-30,-0.5148423861322678"
"1893-05-31,-0.5721377480791748"
"1893-06-30,-0.44231104847718145"
"1893-07-31,-0.24375538988986156"
"1893-08-31,-0.2869543182677586"
"1893-09-30,-0.36513733766769646"
"1893-10-31,-0.30426576831163993"
"1893-11-30,-0.4048110057945081"
"1893-12-31,-0.4845268041392765"
"1894-01-31,-0.6276136193959678"
"1894-02-28,-0.42949706352711536"
"1894-03-31,-0.511591282279954"
"1894-04-30,-0.5374747689096823"
"1894-05-31,-0.5191683596116521"
"1894-06-30,-0.5836480311893267"
"1894-07-31,-0.39212566826492806"
"1894-08-31,-0.3535793796369761"
"1894-09-30,-0.43969662457407255"
"1894-10-31,-0.3990113912193864"
"1894-11-30,-0.46006598560399475"
"1894-12-31,-0.5516949907722751"
"1895-01-31,-0.6359875335417737"
"1895-02-28,-0.6417986226956279"
"1895-03-31,-0.617878896931174"
"1895-04-30,-0.461094061679219"
"1895-05-31,-0.48253113569165423"
"1895-06-30,-0.4253601020512332"
"1895-07-31,-0.33490069254127053"
"1895-08-31,-0.3772477645986475"
"1895-09-30,-0.39428146558613847"
"1895-10-31,-0.3257418991053742"
"1895-11-30,-0.32136868438038024"
"1895-12-31,-0.36682844814657783"
"1896-01-31,-0.31520509819478437"
"1896-02-29,-0.3366214780583212"
"1896-03-31,-0.5883624262743959"
"1896-04-30,-0.5460314434360489"
"1896-05-31,-0.3561197231626991"
"1896-06-30,-0.23009132857640593"
"1896-07-31,-0.18243536622727327"
"1896-08-31,-0.17156359842675517"
"1896-09-30,-0.15527536408166842"
"1896-10-31,-0.11794194617793038"
"1896-11-30,-0.3140512371160738"
"1896-12-31,-0.09438848344023604"
"1897-01-31,-0.3000983796490691"
"1897-02-28,-0.3486072930844474"
"1897-03-31,-0.4154700047046829"
"1897-04-30,-0.11764010221137086"
"1897-05-31,-0.11408223816544381"
"1897-06-30,-0.16273570184945846"
"1897-07-31,-0.18704693704309322"
"1897-08-31,-0.18542309861603865"
"1897-09-30,-0.18626953706868987"
"1897-10-31,-0.21232262651514205"
"1897-11-30,-0.42274422522342314"
"1897-12-31,-0.46516182083446317"
"1898-01-31,-0.1992478337221174"
"1898-02-28,-0.556126655982371"
"1898-03-31,-0.8427486959360241"
"1898-04-30,-0.6630129681825787"
"1898-05-31,-0.5595892939215149"
"1898-06-30,-0.33471387913086176"
"1898-07-31,-0.39475091446925714"
"1898-08-31,-0.38942811265894517"
"1898-09-30,-0.370769634842229"
"1898-10-31,-0.5009572888944613"
"1898-11-30,-0.5286319298158777"
"1898-12-31,-0.4895282929729375"
"1899-01-31,-0.35980409887412684"
"1899-02-28,-0.5540308991150841"
"1899-03-31,-0.5889543778926756"
"1899-04-30,-0.4393416156134626"
"1899-05-31,-0.35891113432340416"
"1899-06-30,-0.501000420161502"
"1899-07-31,-0.3655365550871031"
"1899-08-31,-0.23979758627847972"
"1899-09-30,-0.15158329873471538"
"1899-10-31,-0.183137035311269"
"1899-11-30,-0.05694076674390029"
"1899-12-31,-0.46616600178286616"
"1900-01-31,-0.5065199174687524"
"1900-02-28,-0.2028605089394996"
"1900-03-31,-0.19967249462844333"
"1900-04-30,-0.2241369624986433"
"1900-05-31,-0.30258484207668734"
"1900-06-30,-0.217106251308922"
"1900-07-31,-0.1908848271646329"
"1900-08-31,-0.21078073698898717"
"1900-09-30,-0.19568677275526142"
"1900-10-31,-0.06475669824774605"
"1900-11-30,-0.2625233579911372"
"1900-12-31,-0.23623504078539626"
"1901-01-31,-0.28059344291303573"
"1901-02-28,-0.26819772284627774"
"1901-03-31,-0.20081723704940044"
"1901-04-30,-0.17530309868995567"
"1901-05-31,-0.24934465046856366"
"1901-06-30,-0.23662644732006194"
"1901-07-31,-0.3289456835263607"
"1901-08-31,-0.20506309883195378"
"1901-09-30,-0.3551733912675339"
"1901-10-31,-0.3407428987857973"
"1901-11-30,-0.395828735243323"
"1901-12-31,-0.4845062835573107"
"1902-01-31,-0.43956748789874894"
"1902-02-28,-0.23221202923407083"
"1902-03-31,-0.47400043549206883"
"1902-04-30,-0.43050581939937155"
"1902-05-31,-0.43023685555189345"
"1902-06-30,-0.44518705350628734"
"1902-07-31,-0.3891587626365674"
"1902-08-31,-0.425109021427727"
"1902-09-30,-0.3728004613518329"
"1902-10-31,-0.5005035993241644"
"1902-11-30,-0.562615928790094"
"1902-12-31,-0.5659139650603472"
"1903-01-31,-0.43442248350291757"
"1903-02-28,-0.24027053896461217"
"1903-03-31,-0.3984339766159919"
"1903-04-30,-0.5879960815443585"
"1903-05-31,-0.5160877040761521"
"1903-06-30,-0.54768148291396"
"1903-07-31,-0.5052093626268583"
"1903-08-31,-0.6014080906960867"
"1903-09-30,-0.559753358942307"
"1903-10-31,-0.6648155596320261"
"1903-11-30,-0.6297883478004512"
"1903-12-31,-0.7140497400629229"
"1904-01-31,-0.8066050063531577"
"1904-02-29,-0.7699139891281382"
"1904-03-31,-0.6964778615702454"
"1904-04-30,-0.6468306364323118"
"1904-05-31,-0.6093934311676016"
"1904-06-30,-0.5641544992391557"
"1904-07-31,-0.553044645507472"
"1904-08-31,-0.4784085972420127"
"1904-09-30,-0.5966137451253243"
"1904-10-31,-0.553042967553078"
"1904-11-30,-0.3966059654222902"
"1904-12-31,-0.4996458300699031"
"1905-01-31,-0.46341594962728144"
"1905-02-28,-0.7201686367455281"
"1905-03-31,-0.5240539533576942"
"1905-04-30,-0.5589943020656408"
"1905-05-31,-0.4342365329427242"
"1905-06-30,-0.3425826330559802"
"1905-07-31,-0.3731030432893483"
"1905-08-31,-0.30447675466900004"
"1905-09-30,-0.3451951591809895"
"1905-10-31,-0.3351492849183708"
"1905-11-30,-0.2172852494814174"
"1905-12-31,-0.27435452721623027"
"1906-01-31,-0.2966843412643238"
"1906-02-28,-0.38858109764321097"
"1906-03-31,-0.2895290014898573"
"1906-04-30,-0.10402011949648085"
"1906-05-31,-0.376524216872599"
"1906-06-30,-0.23253845168881004"
"1906-07-31,-0.342959233248138"
"1906-08-31,-0.27118162938405016"
"1906-09-30,-0.3530259344502686"
"1906-10-31,-0.3222966143134887"
"1906-11-30,-0.5317943972623936"
"1906-12-31,-0.32053673049983916"
"1907-01-31,-0.5293023755631929"
"1907-02-28,-0.6185913273497349"
"1907-03-31,-0.43793064269612136"
"1907-04-30,-0.47799829293549523"
"1907-05-31,-0.6450355299908367"
"1907-06-30,-0.5440585313963137"
"1907-07-31,-0.4250897159923844"
"1907-08-31,-0.49101570258068333"
"1907-09-30,-0.3986792965683776"
"1907-10-31,-0.3359412394100256"
"1907-11-30,-0.5563730529479921"
"1907-12-31,-0.5898768502187177"
"1908-01-31,-0.46647664071005707"
"1908-02-29,-0.41390589364798414"
"1908-03-31,-0.7040724892816118"
"1908-04-30,-0.5884081463548776"
"1908-05-31,-0.4530639609310525"
"1908-06-30,-0.41279954877646113"
"1908-07-31,-0.40103948068305967"
"1908-08-31,-0.48125658808686667"
"1908-09-30,-0.38722147772833737"
"1908-10-31,-0.5747282146229042"
"1908-11-30,-0.6453217768016455"
"1908-12-31,-0.6381544261189295"
"1909-01-31,-0.7629406151801397"
"1909-02-28,-0.5355333439685438"
"1909-03-31,-0.6521415359097233"
"1909-04-30,-0.6328155296355439"
"1909-05-31,-0.5918204686864289"
"1909-06-30,-0.5000673703527238"
"1909-07-31,-0.5237631331528404"
"1909-08-31,-0.33691808290034664"
"1909-09-30,-0.41567191020369293"
"1909-10-31,-0.4945160763937399"
"1909-11-30,-0.3866520144270265"
"1909-12-31,-0.5963384356130558"
"1910-01-31,-0.4327842142278595"
"1910-02-28,-0.5290626485422849"
"1910-03-31,-0.6189373086456379"
"1910-04-30,-0.5349184170732909"
"1910-05-31,-0.536838887219223"
"1910-06-30,-0.5593433784047683"
"1910-07-31,-0.4347580297397372"
"1910-08-31,-0.38878688597472943"
"1910-09-30,-0.4229381831358012"
"1910-10-31,-0.48481955332992505"
"1910-11-30,-0.6724290464848264"
"1910-12-31,-0.7566741259647293"
"1911-01-31,-0.6680465063976584"
"1911-02-28,-0.7060336488251131"
"1911-03-31,-0.763985078874082"
"1911-04-30,-0.6436456147192905"
"1911-05-31,-0.6272078402278076"
"1911-06-30,-0.5543228203593668"
"1911-07-31,-0.49260997025707165"
"1911-08-31,-0.5064450926025428"
"1911-09-30,-0.4982410910008073"
"1911-10-31,-0.34511528496028254"
"1911-11-30,-0.3493132455172624"
"1911-12-31,-0.3154950278724227"
"1912-01-31,-0.3294008581669168"
"1912-02-29,-0.3149174054114492"
"1912-03-31,-0.5543457288786255"
"1912-04-30,-0.337882361042193"
"1912-05-31,-0.335250900714813"
"1912-06-30,-0.28508793271927757"
"1912-07-31,-0.5073085555303841"
"1912-08-31,-0.5724729102051991"
"1912-09-30,-0.6437677088761923"
"1912-10-31,-0.6791173739646927"
"1912-11-30,-0.5579232600893882"
"1912-12-31,-0.5906012615549624"
"1913-01-31,-0.5636490963518855"
"1913-02-28,-0.5500862584104869"
"1913-03-31,-0.6057998319834073"
"1913-04-30,-0.5340448988966893"
"1913-05-31,-0.5411686349906231"
"1913-06-30,-0.5514843902658829"
"1913-07-31,-0.47697931040861336"
"1913-08-31,-0.39560004023550904"
"1913-09-30,-0.41690664073169"
"1913-10-31,-0.43836418223325624"
"1913-11-30,-0.36772292697167175"
"1913-12-31,-0.16402406647367"
"1914-01-31,-0.0784747462912803"
"1914-02-28,-0.2701089824510638"
"1914-03-31,-0.3974834373606657"
"1914-04-30,-0.408905196500763"
"1914-05-31,-0.30789975289450455"
"1914-06-30,-0.30798317491339566"
"1914-07-31,-0.2969514950513807"
"1914-08-31,-0.24459992913964115"
"1914-09-30,-0.3014065560970867"
"1914-10-31,-0.11027443611959363"
"1914-11-30,-0.1902967195394528"
"1914-12-31,-0.23672460872875337"
"1915-01-31,-0.28745864549896183"
"1915-02-28,-0.2204261573060926"
"1915-03-31,-0.1939980561355174"
"1915-04-30,-0.08262227518909558"
"1915-05-31,-0.16808056353487003"
"1915-06-30,-0.17210916614448188"
"1915-07-31,-0.16903176560843167"
"1915-08-31,-0.0668182642244191"
"1915-09-30,-0.12029774836191699"
"1915-10-31,-0.2861068815315662"
"1915-11-30,-0.1728186630059273"
"1915-12-31,-0.3623587993789236"
"1916-01-31,-0.33786005693112303"
"1916-02-29,-0.2640363598960556"
"1916-03-31,-0.43909237593380873"
"1916-04-30,-0.3751779449596254"
"1916-05-31,-0.4181152205716965"
"1916-06-30,-0.4948392943565578"
"1916-07-31,-0.3848842642149174"
"1916-08-31,-0.29676017385636017"
"1916-09-30,-0.3218672856190964"
"1916-10-31,-0.3744158214857521"
"1916-11-30,-0.5142024423250495"
"1916-12-31,-0.8212685124936817"
"1917-01-31,-0.689214139546246"
"1917-02-28,-0.7159820231050554"
"1917-03-31,-0.7842951435304871"
"1917-04-30,-0.5461108272382879"
"1917-05-31,-0.6442834629304667"
"1917-06-30,-0.4788690836849694"
"1917-07-31,-0.24527455380046959"
"1917-08-31,-0.3328220914013788"
"1917-09-30,-0.2979707239767368"
"1917-10-31,-0.5356102398198707"
"1917-11-30,-0.4592476926652775"
"1917-12-31,-0.7865544257314826"
"1918-01-31,-0.5179739068742282"
"1918-02-28,-0.6721651761752665"
"1918-03-31,-0.5790680593090866"
"1918-04-30,-0.6234592045660121"
"1918-05-31,-0.5252176942232534"
"1918-06-30,-0.3865175292003973"
"1918-07-31,-0.3695852028569385"
"1918-08-31,-0.42982035135300295"
"1918-09-30,-0.25825898112858864"
"1918-10-31,-0.11888720801814635"
"1918-11-30,-0.189802585407628"
"1918-12-31,-0.4242561044276242"
"1919-01-31,-0.2512613463353236"
"1919-02-28,-0.2420727348567976"
"1919-03-31,-0.39209825310545954"
"1919-04-30,-0.21141803643835502"
"1919-05-31,-0.3079386785219212"
"1919-06-30,-0.3576919570873855"
"1919-07-31,-0.299892568664353"
"1919-08-31,-0.23813908643411963"
"1919-09-30,-0.2860611503676116"
"1919-10-31,-0.25880492777526115"
"1919-11-30,-0.5575255619018857"
"1919-12-31,-0.503314357443125"
"1920-01-31,-0.25863704231727835"
"1920-02-29,-0.5458830086449578"
"1920-03-31,-0.1720725852111341"
"1920-04-30,-0.336584246564762"
"1920-05-31,-0.2562761367249906"
"1920-06-30,-0.2381102737187215"
"1920-07-31,-0.30046935077679904"
"1920-08-31,-0.22659714049904472"
"1920-09-30,-0.19645549385542055"
"1920-10-31,-0.21776048405803053"
"1920-11-30,-0.3456470977066249"
"1920-12-31,-0.4884765935288048"
"1921-01-31,-0.21760731504721378"
"1921-02-28,-0.2952124516373838"
"1921-03-31,-0.34263409355725366"
"1921-04-30,-0.29096942725498676"
"1921-05-31,-0.3015954805156437"
"1921-06-30,-0.1544001689125995"
"1921-07-31,-0.1554070278029633"
"1921-08-31,-0.32134692985904734"
"1921-09-30,-0.20710627692770445"
"1921-10-31,-0.13444184482947794"
"1921-11-30,-0.19592438345032595"
"1921-12-31,-0.27147902733349416"
"1922-01-31,-0.41907701132336084"
"1922-02-28,-0.4088040677595452"
"1922-03-31,-0.34414800066227613"
"1922-04-30,-0.29111138740081044"
"1922-05-31,-0.4696496441368216"
"1922-06-30,-0.2927036492183547"
"1922-07-31,-0.25908080765873237"
"1922-08-31,-0.3558929937888041"
"1922-09-30,-0.32432133288978177"
"1922-10-31,-0.34514488047370817"
"1922-11-30,-0.25539743476425875"
"1922-12-31,-0.3054062483451228"
"1923-01-31,-0.4037225919341582"
"1923-02-28,-0.49443230111489095"
"1923-03-31,-0.4556235670008798"
"1923-04-30,-0.41038665751910003"
"1923-05-31,-0.4038748961517325"
"1923-06-30,-0.25269110595506983"
"1923-07-31,-0.41963743696058686"
"1923-08-31,-0.32384917695244403"
"1923-09-30,-0.3409327633483764"
"1923-10-31,-0.17645450225382187"
"1923-11-30,-0.033512259500524555"
"1923-12-31,-0.10004944984665415"
"1924-01-31,-0.32711103825210835"
"1924-02-29,-0.3152823138173588"
"1924-03-31,-0.17595449782414513"
"1924-04-30,-0.3424793157434134"
"1924-05-31,-0.217573168966911"
"1924-06-30,-0.27555224365103653"
"1924-07-31,-0.29391536454163564"
"1924-08-31,-0.31724189663253965"
"1924-09-30,-0.3306957918346896"
"1924-10-31,-0.36585052964243303"
"1924-11-30,-0.29073671696608994"
"1924-12-31,-0.4923537379583489"
"1925-01-31,-0.49163564909720703"
"1925-02-28,-0.48531267209294304"
"1925-03-31,-0.3737517484175156"
"1925-04-30,-0.30694255430935913"
"1925-05-31,-0.30565737841454443"
"1925-06-30,-0.33413641355043294"
"1925-07-31,-0.33086437268601687"
"1925-08-31,-0.16828516815768013"
"1925-09-30,-0.25893371084709693"
"1925-10-31,-0.28853403001841815"
"1925-11-30,-0.0590984151641744"
"1925-12-31,0.014048895291478982"
"1926-01-31,0.08253240976855286"
"1926-02-28,-0.03503148147450716"
"1926-03-31,0.023573108652913895"
"1926-04-30,-0.15799289624045934"
"1926-05-31,-0.2700344766146378"
"1926-06-30,-0.1828158465079669"
"1926-07-31,-0.208447688431308"
"1926-08-31,-0.10001692917516468"
"1926-09-30,-0.11788380928371278"
"1926-10-31,-0.06996329182683872"
"1926-11-30,-0.1157889984335138"
"1926-12-31,-0.32215575726036527"
"1927-01-31,-0.31123905811062985"
"1927-02-28,-0.21210012414805582"
"1927-03-31,-0.4189534753972424"
"1927-04-30,-0.31450471476285885"
"1927-05-31,-0.23004513956954478"
"1927-06-30,-0.24831119072401364"
"1927-07-31,-0.20484532812597422"
"1927-08-31,-0.21330413977335155"
"1927-09-30,-0.1196489677262316"
"1927-10-31,-0.0296722794027084"
"1927-11-30,-0.1266735478112635"
"1927-12-31,-0.32356292097322253"
"1928-01-31,-0.017104584397780925"
"1928-02-29,-0.12466925112335339"
"1928-03-31,-0.3195825991267659"
"1928-04-30,-0.23520901843174546"
"1928-05-31,-0.30146891701643663"
"1928-06-30,-0.3267296694866063"
"1928-07-31,-0.18831959794039396"
"1928-08-31,-0.17851628082690232"
"1928-09-30,-0.2066868817259556"
"1928-10-31,-0.18404479568424123"
"1928-11-30,-0.17209516689135207"
"1928-12-31,-0.22671194349876175"
"1929-01-31,-0.4364512967585078"
"1929-02-28,-0.6036853102640516"
"1929-03-31,-0.48715258315356086"
"1929-04-30,-0.4373351801916211"
"1929-05-31,-0.4345293813508731"
"1929-06-30,-0.4088533782277207"
"1929-07-31,-0.4396209242144921"
"1929-08-31,-0.2663078975241265"
"1929-09-30,-0.2773390411303526"
"1929-10-31,-0.22126577773124537"
"1929-11-30,-0.14017748166749644"
"1929-12-31,-0.5603613352847536"
"1930-01-31,-0.36314651039452117"
"1930-02-28,-0.35584554203789454"
"1930-03-31,-0.2473275874794949"
"1930-04-30,-0.2312888599219259"
"1930-05-31,-0.25067643465093137"
"1930-06-30,-0.20374552625895348"
"1930-07-31,-0.18826440072096434"
"1930-08-31,-0.09765256037544917"
"1930-09-30,-0.092231417061224"
"1930-10-31,-0.09057753856323786"
"1930-11-30,0.0637637863350561"
"1930-12-31,-0.06467221085696079"
"1931-01-31,-0.13693941831919484"
"1931-02-28,-0.25869059319453525"
"1931-03-31,-0.1091936355296522"
"1931-04-30,-0.17070459196626797"
"1931-05-31,-0.19289995792448672"
"1931-06-30,-0.02544677911333697"
"1931-07-31,-0.008178203026791219"
"1931-08-31,-0.026662722604442992"
"1931-09-30,-0.05196855621747332"
"1931-10-31,-0.02698547190214637"
"1931-11-30,-0.13579522797588114"
"1931-12-31,-0.09730701585969764"
"1932-01-31,0.07975414792900481"
"1932-02-29,-0.1780536110212152"
"1932-03-31,-0.19476548966591126"
"1932-04-30,-0.06121994722920131"
"1932-05-31,-0.1598214243663408"
"1932-06-30,-0.25541134607981114"
"1932-07-31,-0.12971983855766175"
"1932-08-31,-0.18982056532791064"
"1932-09-30,-0.0005506662573571164"
"1932-10-31,-0.0943912717325027"
"1932-11-30,-0.29486137213172237"
"1932-12-31,-0.2666786665542176"
"1933-01-31,-0.31109114639562474"
"1933-02-28,-0.3509940740027404"
"1933-03-31,-0.38515511211060915"
"1933-04-30,-0.28470517114187344"
"1933-05-31,-0.27693640059935903"
"1933-06-30,-0.3236096549912062"
"1933-07-31,-0.2903948992196403"
"1933-08-31,-0.15375972192377185"
"1933-09-30,-0.32664743658979384"
"1933-10-31,-0.24582800794363682"
"1933-11-30,-0.40483869218364965"
"1933-12-31,-0.5141726225214989"
"1934-01-31,-0.32326754707928573"
"1934-02-28,-0.14517309715900964"
"1934-03-31,-0.43105689080711984"
"1934-04-30,-0.37176265546589804"
"1934-05-31,-0.14018928308004852"
"1934-06-30,-0.09232751166551313"
"1934-07-31,-0.17809096795829116"
"1934-08-31,-0.11440116408076864"
"1934-09-30,-0.13450967239312064"
"1934-10-31,-0.08177010387326666"
"1934-11-30,0.03182672497873666"
"1934-12-31,-0.11132000317286739"
"1935-01-31,-0.34797268754759614"
"1935-02-28,0.04972144854816582"
"1935-03-31,-0.21446297991439445"
"1935-04-30,-0.32283760195102895"
"1935-05-31,-0.31434223392296834"
"1935-06-30,-0.20928659430664595"
"1935-07-31,-0.1409420306665199"
"1935-08-31,-0.14877551049433774"
"1935-09-30,-0.19052883115421337"
"1935-10-31,-0.05521323486299158"
"1935-11-30,-0.32153568656506815"
"1935-12-31,-0.25653475270170123"
"1936-01-31,-0.39848114759802583"
"1936-02-29,-0.3431198400681442"
"1936-03-31,-0.3291644246074803"
"1936-04-30,-0.18832130013317566"
"1936-05-31,-0.17232911775964904"
"1936-06-30,-0.14899856708587303"
"1936-07-31,-0.06987007223715316"
"1936-08-31,-0.07327964198721346"
"1936-09-30,-0.10876614699208695"
"1936-10-31,-0.041382578264075924"
"1936-11-30,-0.05411077554362656"
"1936-12-31,-0.10642758427691368"
"1937-01-31,-0.12685170817448055"
"1937-02-28,0.06648683219623001"
"1937-03-31,-0.2619284754662008"
"1937-04-30,-0.12121346416319642"
"1937-05-31,-0.09120726457958124"
"1937-06-30,-0.008428331558660148"
"1937-07-31,0.019690081766333876"
"1937-08-31,0.03682859471819564"
"1937-09-30,0.14490854224406313"
"1937-10-31,0.1280106499870713"
"1937-11-30,0.061703083417350764"
"1937-12-31,-0.07838570523120772"
"1938-01-31,0.04551443909330558"
"1938-02-28,-0.009824213804770771"
"1938-03-31,-0.015279184419503513"
"1938-04-30,0.040003259793262275"
"1938-05-31,-0.095914966047932"
"1938-06-30,-0.0936448235546197"
"1938-07-31,-0.04622564802797836"
"1938-08-31,-0.002844416792813711"
"1938-09-30,0.01991738066206082"
"1938-10-31,0.16282215945204484"
"1938-11-30,0.054737236793639586"
"1938-12-31,-0.20567000485253423"
"1939-01-31,-0.12178779199916058"
"1939-02-28,-0.1176045777271154"
"1939-03-31,-0.28873167236312697"
"1939-04-30,-0.10640278821998432"
"1939-05-31,-0.030052149064353485"
"1939-06-30,0.014760026208836829"
"1939-07-31,-0.037748976091638055"
"1939-08-31,-0.040667548359163294"
"1939-09-30,-0.01716036707251363"
"1939-10-31,-0.09934572870038495"
"1939-11-30,0.02130213613971946"
"1939-12-31,0.3338734381231424"
"1940-01-31,-0.05265481738692333"
"1940-02-29,0.08632718080573763"
"1940-03-31,-0.03576625573373267"
"1940-04-30,0.14895240462068637"
"1940-05-31,0.05024119810131305"
"1940-06-30,0.04466372747380383"
"1940-07-31,0.14825320854367374"
"1940-08-31,0.09961082174107302"
"1940-09-30,0.1311867629978831"
"1940-10-31,0.09584135171211706"
"1940-11-30,-0.004656185431590313"
"1940-12-31,0.19923070974037999"
"1941-01-31,-0.03956095574634458"
"1941-02-28,0.11823888892646515"
"1941-03-31,-0.11652528032720301"
"1941-04-30,0.03622866240540037"
"1941-05-31,0.061235039758407744"
"1941-06-30,0.059624602053131345"
"1941-07-31,0.16075781260186559"
"1941-08-31,0.03967689490199641"
"1941-09-30,-0.14452067711099004"
"1941-10-31,0.2142664465472773"
"1941-11-30,-0.007257904764583085"
"1941-12-31,0.0753885182661925"
"1942-01-31,0.2578369305074186"
"1942-02-28,0.01680107154752777"
"1942-03-31,-0.04157940442919685"
"1942-04-30,-0.015153614391358854"
"1942-05-31,0.12379064979872897"
"1942-06-30,0.03032583546550642"
"1942-07-31,-0.05975249619009003"
"1942-08-31,-0.05740612009719254"
"1942-09-30,-0.013465348207860925"
"1942-10-31,-0.08694347099578485"
"1942-11-30,-0.05751003731052103"
"1942-12-31,-0.080070905196223"
"1943-01-31,-0.18267323805472394"
"1943-02-28,-0.03061434057319186"
"1943-03-31,-0.16772735303272526"
"1943-04-30,0.022969416574715424"
"1943-05-31,0.0355091313361877"
"1943-06-30,-0.07487101041902627"
"1943-07-31,0.018335526375982156"
"1943-08-31,0.0316108764736969"
"1943-09-30,-0.01344150744081962"
"1943-10-31,0.22771359735790989"
"1943-11-30,0.10388872351908851"
"1943-12-31,0.10626906958065475"
"1944-01-31,0.3181621387448345"
"1944-02-29,0.11862034594438178"
"1944-03-31,0.12006746025509134"
"1944-04-30,0.04225587770198163"
"1944-05-31,0.11992562580799718"
"1944-06-30,0.10735916712043554"
"1944-07-31,0.14871695380361508"
"1944-08-31,0.20666181668048458"
"1944-09-30,0.16769068400709472"
"1944-10-31,0.2080559439009202"
"1944-11-30,0.08847658006221142"
"1944-12-31,0.08326899961746725"
"1945-01-31,0.09508047587302133"
"1945-02-28,0.04839935016545759"
"1945-03-31,0.03865823811352292"
"1945-04-30,0.20985286595747765"
"1945-05-31,-0.0616857057871358"
"1945-06-30,-0.03652021922427182"
"1945-07-31,0.00042324736402994667"
"1945-08-31,0.2362124089589674"
"1945-09-30,0.10283859812169474"
"1945-10-31,0.09423338817772027"
"1945-11-30,-0.010639086020488861"
"1945-12-31,-0.19979318303716792"
"1946-01-31,0.046495322314840465"
"1946-02-28,-0.11574643322558184"
"1946-03-31,-0.12155509788450009"
"1946-04-30,-0.001070215982862942"
"1946-05-31,-0.08271880307015696"
"1946-06-30,-0.2700289099901503"
"1946-07-31,-0.10938962807211138"
"1946-08-31,-0.15412525969240692"
"1946-09-30,-0.09819822202066632"
"1946-10-31,-0.06812635299178935"
"1946-11-30,-0.10808773318120263"
"1946-12-31,-0.3432022258704104"
"1947-01-31,-0.1505110126322225"
"1947-02-28,-0.1410639667450987"
"1947-03-31,-0.0761829108979539"
"1947-04-30,-0.05486983419939454"
"1947-05-31,-0.07080105191093132"
"1947-06-30,-0.09273296966690606"
"1947-07-31,-0.06481823755927234"
"1947-08-31,-0.11288263631024595"
"1947-09-30,-0.16043017729815787"
"1947-10-31,0.033811673877542664"
"1947-11-30,0.02912333958380548"
"1947-12-31,-0.23310878757736092"
"1948-01-31,-0.018996650323295828"
"1948-02-29,-0.23857600679437685"
"1948-03-31,-0.2830234624366828"
"1948-04-30,-0.11460239599729388"
"1948-05-31,0.05757824552467272"
"1948-06-30,-0.00821597095914801"
"1948-07-31,-0.12959682701374686"
"1948-08-31,-0.04757474346343351"
"1948-09-30,-0.13380374303989048"
"1948-10-31,-0.05680375087906739"
"1948-11-30,-0.1733321460578059"
"1948-12-31,-0.3489877762456075"
"1949-01-31,-0.01857809299054781"
"1949-02-28,-0.24225991968315974"
"1949-03-31,-0.10957817699659395"
"1949-04-30,-0.146712985927761"
"1949-05-31,-0.11125474889217976"
"1949-06-30,-0.2331656675374645"
"1949-07-31,-0.1800794613288595"
"1949-08-31,-0.07750365467558532"
"1949-09-30,-0.12327029595817923"
"1949-10-31,-0.08973549200258109"
"1949-11-30,-0.18104190309134108"
"1949-12-31,-0.21244650729958714"
"1950-01-31,-0.30004354252550836"
"1950-02-28,-0.3700363652129539"
"1950-03-31,-0.21643833352274924"
"1950-04-30,-0.24361573002854417"
"1950-05-31,-0.13729777261648632"
"1950-06-30,-0.10504337217580519"
"1950-07-31,-0.10670231053079406"
"1950-08-31,-0.15261762890918587"
"1950-09-30,-0.24503586418107667"
"1950-10-31,-0.20104446138262516"
"1950-11-30,-0.38081577369635894"
"1950-12-31,-0.2607703850769675"
"1951-01-31,-0.36034261881655694"
"1951-02-28,-0.5093785187480446"
"1951-03-31,-0.2620191737265497"
"1951-04-30,-0.10807769390132466"
"1951-05-31,0.03226921432873052"
"1951-06-30,0.06018114569647324"
"1951-07-31,0.03866412127570203"
"1951-08-31,0.12133112996398264"
"1951-09-30,0.13226272888209742"
"1951-10-31,0.1243614354095179"
"1951-11-30,-0.07229670894408287"
"1951-12-31,0.06919729630798306"
"1952-01-31,0.09402644064504599"
"1952-02-29,0.06835087658359278"
"1952-03-31,-0.16353901811386504"
"1952-04-30,0.04558809087180486"
"1952-05-31,0.022243695256306307"
"1952-06-30,0.023484356187652912"
"1952-07-31,0.09006012246944112"
"1952-08-31,0.09694239276699265"
"1952-09-30,0.09621102464910675"
"1952-10-31,-0.016534438292013287"
"1952-11-30,-0.13228505426050707"
"1952-12-31,-0.04029371016601149"
"1953-01-31,-0.009005178078966076"
"1953-02-28,0.09501191092158655"
"1953-03-31,0.018006958955958177"
"1953-04-30,0.22455436342939383"
"1953-05-31,0.14901618251573173"
"1953-06-30,0.1404281952345809"
"1953-07-31,0.04314458279865827"
"1953-08-31,0.0870785597949201"
"1953-09-30,0.0863011087741095"
"1953-10-31,0.08342033075588859"
"1953-11-30,-0.005809957693033509"
"1953-12-31,0.01942186986491593"
"1954-01-31,-0.24345859724883512"
"1954-02-28,-0.08907445811307195"
"1954-03-31,-0.18339782271012922"
"1954-04-30,-0.11477188151854248"
"1954-05-31,-0.17059736640600376"
"1954-06-30,-0.12963391075735156"
"1954-07-31,-0.19616232935108688"
"1954-08-31,-0.10182279287474229"
"1954-09-30,-0.11330111502978178"
"1954-10-31,-0.011538466142744177"
"1954-11-30,0.11638409184733786"
"1954-12-31,-0.16362790415417844"
"1955-01-31,0.10597787837859954"
"1955-02-28,-0.19271314775582554"
"1955-03-31,-0.3963696061136996"
"1955-04-30,-0.22909744413946187"
"1955-05-31,-0.23882907953613233"
"1955-06-30,-0.17836485768384913"
"1955-07-31,-0.2082960309742665"
"1955-08-31,-0.08842416323784681"
"1955-09-30,-0.14314792039295343"
"1955-10-31,-0.11328783891472803"
"1955-11-30,-0.32083783792111165"
"1955-12-31,-0.3643290711960488"
"1956-01-31,-0.24038251429789603"
"1956-02-29,-0.2824350150811937"
"1956-03-31,-0.35645251216117013"
"1956-04-30,-0.30645921956536565"
"1956-05-31,-0.33606263179630225"
"1956-06-30,-0.22652254844988118"
"1956-07-31,-0.21063520578953324"
"1956-08-31,-0.2896486556215177"
"1956-09-30,-0.27347540503517415"
"1956-10-31,-0.2631584526426497"
"1956-11-30,-0.21516415129910407"
"1956-12-31,-0.15759089442111435"
"1957-01-31,-0.22153524003287942"
"1957-02-28,-0.15856388157828544"
"1957-03-31,-0.1975385941539466"
"1957-04-30,-0.041761865057959265"
"1957-05-31,0.031779971265080864"
"1957-06-30,0.06454677892041417"
"1957-07-31,-0.06267592249535298"
"1957-08-31,0.07285774930568983"
"1957-09-30,0.041351954054632906"
"1957-10-31,-0.000792037902098111"
"1957-11-30,-0.003975859904289823"
"1957-12-31,0.05228783937262557"
"1958-01-31,0.2547218788922194"
"1958-02-28,0.09280772037180376"
"1958-03-31,0.00525545736078175"
"1958-04-30,-0.06950848947435015"
"1958-05-31,0.0164765911783264"
"1958-06-30,-0.15305896494441876"
"1958-07-31,-0.020030652454584196"
"1958-08-31,-0.08308560623381883"
"1958-09-30,-0.1147992278621019"
"1958-10-31,-0.019471264107572096"
"1958-11-30,-0.038575902012829504"
"1958-12-31,-0.08232217372940953"
"1959-01-31,0.013691865838124054"
"1959-02-28,-0.00508403496156141"
"1959-03-31,0.016677765181643982"
"1959-04-30,0.026267797709244402"
"1959-05-31,-0.03853143182551884"
"1959-06-30,-0.0018165166299928376"
"1959-07-31,-0.043648165663576016"
"1959-08-31,-0.0413455040001368"
"1959-09-30,-0.14124895546664104"
"1959-10-31,-0.0713378363775893"
"1959-11-30,-0.18634169114273555"
"1959-12-31,-0.10334120712214644"
"1960-01-31,-0.11465856854898984"
"1960-02-29,0.022811420503579285"
"1960-03-31,-0.4468836530144026"
"1960-04-30,-0.26193931706986745"
"1960-05-31,-0.17928643657658974"
"1960-06-30,-0.12612279776785967"
"1960-07-31,-0.11407162125036528"
"1960-08-31,-0.006310927055877549"
"1960-09-30,0.003214442071152004"
"1960-10-31,-0.031158554412308873"
"1960-11-30,-0.21504581063269843"
"1960-12-31,0.08360750159420015"
"1961-01-31,-0.05222938139003652"
"1961-02-28,0.09082803583880372"
"1961-03-31,-0.061647900022289266"
"1961-04-30,0.06100268908632203"
"1961-05-31,0.06788093899008335"
"1961-06-30,0.08760505388896578"
"1961-07-31,-0.03974988921313014"
"1961-08-31,-0.016852155406603928"
"1961-09-30,-0.030176051905227267"
"1961-10-31,-0.06376158982436766"
"1961-11-30,-0.031068905170017244"
"1961-12-31,-0.2517995108648512"
"1962-01-31,-0.057049691695804386"
"1962-02-28,0.012157755236043939"
"1962-03-31,0.01874845629365203"
"1962-04-30,-0.02607215845422307"
"1962-05-31,-0.1816451136392947"
"1962-06-30,-0.05626703850444595"
"1962-07-31,-0.10915736259330407"
"1962-08-31,-0.10973201836411775"
"1962-09-30,-0.07493822987327876"
"1962-10-31,-0.03820204189657326"
"1962-11-30,-0.020875224139144"
"1962-12-31,-0.12562061593786142"
"1963-01-31,-0.1219482034241971"
"1963-02-28,0.04004473234320974"
"1963-03-31,-0.34099970216714987"
"1963-04-30,-0.17912978163322738"
"1963-05-31,-0.14665490009318913"
"1963-06-30,-0.06680598659217554"
"1963-07-31,0.0595368821981676"
"1963-08-31,0.1458157308762062"
"1963-09-30,0.12205969117469398"
"1963-10-31,0.06423311069439187"
"1963-11-30,0.04470364140636384"
"1963-12-31,-0.06252590618197812"
"1964-01-31,-0.19452871630614715"
"1964-02-29,-0.2230038458128061"
"1964-03-31,-0.3828084748653639"
"1964-04-30,-0.4415979759548139"
"1964-05-31,-0.37424896241696604"
"1964-06-30,-0.16659828053830225"
"1964-07-31,-0.20062846137823867"
"1964-08-31,-0.30053314782642504"
"1964-09-30,-0.40457930103729356"
"1964-10-31,-0.3114202897376684"
"1964-11-30,-0.2988282182436992"
"1964-12-31,-0.3716253017563308"
"1965-01-31,-0.16228764730372192"
"1965-02-28,-0.26308617554376695"
"1965-03-31,-0.2597472195814959"
"1965-04-30,-0.2986388703836348"
"1965-05-31,-0.1916159870364404"
"1965-06-30,-0.20754607172359069"
"1965-07-31,-0.2665574170440302"
"1965-08-31,-0.16199560281995562"
"1965-09-30,-0.2453164264628932"
"1965-10-31,-0.10577727963991546"
"1965-11-30,-0.14376570865419408"
"1965-12-31,-0.14632035706534816"
"1966-01-31,-0.2832054377638547"
"1966-02-28,-0.16757779234173797"
"1966-03-31,-0.17084479081858361"
"1966-04-30,-0.1704519152311621"
"1966-05-31,-0.21843779618748435"
"1966-06-30,-0.10499998613106822"
"1966-07-31,0.003039208530093942"
"1966-08-31,-0.10166964254282221"
"1966-09-30,-0.08658217365173718"
"1966-10-31,-0.23768092123187004"
"1966-11-30,-0.10768294370344668"
"1966-12-31,-0.14052084816615382"
"1967-01-31,-0.21960148073297958"
"1967-02-28,-0.3281787319327686"
"1967-03-31,-0.0937434697241672"
"1967-04-30,-0.13242696224649875"
"1967-05-31,0.05716235530865215"
"1967-06-30,-0.10816900346221385"
"1967-07-31,-0.06789236203978403"
"1967-08-31,-0.09916574652694612"
"1967-09-30,-0.12451487491993603"
"1967-10-31,-0.020286117195013508"
"1967-11-30,-0.11965050378773365"
"1967-12-31,-0.15372879287435015"
"1968-01-31,-0.3246650500564944"
"1968-02-29,-0.2677105754764276"
"1968-03-31,-0.0037277318950888396"
"1968-04-30,-0.18043013821700227"
"1968-05-31,-0.2258755929628316"
"1968-06-30,-0.1517692587795706"
"1968-07-31,-0.19500259190260785"
"1968-08-31,-0.12997681508007874"
"1968-09-30,-0.22645246655676857"
"1968-10-31,0.008175720940522808"
"1968-11-30,-0.13496025813435134"
"1968-12-31,-0.1911928048047473"
"1969-01-31,-0.1623770333774062"
"1969-02-28,-0.1970934023280313"
"1969-03-31,-0.13277553379776447"
"1969-04-30,0.049255935554268195"
"1969-05-31,0.06528902113941366"
"1969-06-30,0.005681608526868303"
"1969-07-31,-0.10917119812609478"
"1969-08-31,-0.07289227132631738"
"1969-09-30,-0.01311008784809865"
"1969-10-31,0.0009087719420002018"
"1969-11-30,0.023137517532127075"
"1969-12-31,0.16674611439681364"
"1970-01-31,0.014005779437205547"
"1970-02-28,0.06375933640326661"
"1970-03-31,-0.08814179488736845"
"1970-04-30,-0.0794211769571237"
"1970-05-31,-0.14084855974763172"
"1970-06-30,-0.13701010004658662"
"1970-07-31,-0.11218002848209023"
"1970-08-31,-0.199212198514836"
"1970-09-30,-0.030715684275725838"
"1970-10-31,-0.060310358600267816"
"1970-11-30,-0.05819710807832129"
"1970-12-31,-0.19300689718394515"
"1971-01-31,-0.14365957190404818"
"1971-02-28,-0.2726154989380627"
"1971-03-31,-0.3366455776775357"
"1971-04-30,-0.23293438505732522"
"1971-05-31,-0.1979984020408302"
"1971-06-30,-0.25523730442103904"
"1971-07-31,-0.1847951783679116"
"1971-08-31,-0.1812137011800253"
"1971-09-30,-0.12637776310864907"
"1971-10-31,-0.15617601516433596"
"1971-11-30,-0.15279908438100548"
"1971-12-31,-0.23074044095743237"
"1972-01-31,-0.37904297689949706"
"1972-02-29,-0.2778281996419763"
"1972-03-31,-0.14302962064535138"
"1972-04-30,-0.12759815525634718"
"1972-05-31,-0.08247451438520154"
"1972-06-30,-0.03190949523351693"
"1972-07-31,-0.09311810544976577"
"1972-08-31,0.061222522394263824"
"1972-09-30,-0.05239873750256361"
"1972-10-31,-0.0568392550716471"
"1972-11-30,-0.051805325710552935"
"1972-12-31,0.10889668385567176"
"1973-01-31,0.10087006397667934"
"1973-02-28,0.15933001303917166"
"1973-03-31,0.11498204179438375"
"1973-04-30,0.1991581966717743"
"1973-05-31,0.10814753938629895"
"1973-06-30,0.10604522694139931"
"1973-07-31,0.016216051125272114"
"1973-08-31,-0.027661854311775126"
"1973-09-30,-0.035152172842664454"
"1973-10-31,0.010822020814348958"
"1973-11-30,-0.025164139433840507"
"1973-12-31,-0.12839269963348734"
"1974-01-31,-0.28239968447238517"
"1974-02-28,-0.4465835170844602"
"1974-03-31,-0.23716211591800884"
"1974-04-30,-0.20168932470591788"
"1974-05-31,-0.12658530597649803"
"1974-06-30,-0.11528032035574175"
"1974-07-31,-0.135738978848722"
"1974-08-31,0.023082736509540278"
"1974-09-30,-0.09269041055326102"
"1974-10-31,-0.11529484787956436"
"1974-11-30,-0.1262135354871816"
"1974-12-31,-0.21389273650574073"
"1975-01-31,-0.09662919880044173"
"1975-02-28,-0.02088094903829383"
"1975-03-31,-0.01112923920613134"
"1975-04-30,-0.05196853719462321"
"1975-05-31,0.05300724349666533"
"1975-06-30,-0.06078338406131371"
"1975-07-31,-0.10466968773646382"
"1975-08-31,-0.23242184597390506"
"1975-09-30,-0.13950099925446646"
"1975-10-31,-0.1537125489188835"
"1975-11-30,-0.26358984845683514"
"1975-12-31,-0.2467718506993115"
"1976-01-31,-0.16959350989778355"
"1976-02-29,-0.2318612427234862"
"1976-03-31,-0.3369236460650308"
"1976-04-30,-0.18590007607494485"
"1976-05-31,-0.3588058562683114"
"1976-06-30,-0.23977908152835567"
"1976-07-31,-0.17275203164665492"
"1976-08-31,-0.24235126633501103"
"1976-09-30,-0.15119452339761183"
"1976-10-31,-0.3322861969783799"
"1976-11-30,-0.13943367867049486"
"1976-12-31,-0.0294588905834883"
"1977-01-31,0.15336633939708233"
"1977-02-28,0.10381478828354637"
"1977-03-31,0.0747554511371204"
"1977-04-30,0.1344658145816009"
"1977-05-31,0.22771345826385406"
"1977-06-30,0.20780508372692466"
"1977-07-31,0.1425191281503502"
"1977-08-31,0.12983289232684775"
"1977-09-30,-0.001990324741698222"
"1977-10-31,-0.016172229818826777"
"1977-11-30,0.12106576063277398"
"1977-12-31,-0.04011388739517684"
"1978-01-31,0.03699553842255344"
"1978-02-28,0.07385508446651294"
"1978-03-31,0.059285985761931774"
"1978-04-30,0.05321856377467798"
"1978-05-31,0.011515900596125688"
"1978-06-30,-0.05506643474233078"
"1978-07-31,0.01626504149635208"
"1978-08-31,-0.2168574050958623"
"1978-09-30,0.0417457878465565"
"1978-10-31,-0.059895513815020715"
"1978-11-30,0.09177942835148123"
"1978-12-31,0.010227290639436629"
"1979-01-31,0.05168119882531599"
"1979-02-28,-0.1795180656915049"
"1979-03-31,0.06694152094397011"
"1979-04-30,0.07699999241160889"
"1979-05-31,-0.022435744148058694"
"1979-06-30,0.05019165098616632"
"1979-07-31,0.018005762571337208"
"1979-08-31,0.11452477541928435"
"1979-09-30,0.17285155539283992"
"1979-10-31,0.14730756318516502"
"1979-11-30,0.20778532591296908"
"1979-12-31,0.38596205180423665"
"1980-01-31,0.25272609822677894"
"1980-02-29,0.36070431092629607"
"1980-03-31,0.21667272711867702"
"1980-04-30,0.23393514062659207"
"1980-05-31,0.24568769475520025"
"1980-06-30,0.1318071544388639"
"1980-07-31,0.2063638384447747"
"1980-08-31,0.16441017432576666"
"1980-09-30,0.12357978884820131"
"1980-10-31,0.09704444530405405"
"1980-11-30,0.20625902156683554"
"1980-12-31,0.11367442369973277"
"1981-01-31,0.44390386913853574"
"1981-02-28,0.3365468636897039"
"1981-03-31,0.3307742209083908"
"1981-04-30,0.19894963648239625"
"1981-05-31,0.14773262862866815"
"1981-06-30,0.24469397628092687"
"1981-07-31,0.26434664288358206"
"1981-08-31,0.3120525830027891"
"1981-09-30,0.13677009221785336"
"1981-10-31,0.05529363085398495"
"1981-11-30,0.16566867370894947"
"1981-12-31,0.3634115929402411"
"1982-01-31,-0.024068523784853416"
"1982-02-28,0.0682171435665546"
"1982-03-31,-0.13698223596092668"
"1982-04-30,0.02040259344646829"
"1982-05-31,0.09071928206703803"
"1982-06-30,-0.0013139228262286848"
"1982-07-31,0.07584493966438532"
"1982-08-31,-0.04558822504178641"
"1982-09-30,0.01653433391331215"
"1982-10-31,0.04106188481013009"
"1982-11-30,0.029048066117320418"
"1982-12-31,0.27728457454819827"
"1983-01-31,0.3584244041872764"
"1983-02-28,0.3363555636219827"
"1983-03-31,0.24756545485394682"
"1983-04-30,0.17535253103482698"
"1983-05-31,0.2220451381134221"
"1983-06-30,0.1669158599833844"
"1983-07-31,0.1149274890986927"
"1983-08-31,0.28377086163122717"
"1983-09-30,0.32605868434057755"
"1983-10-31,0.1131483824589948"
"1983-11-30,0.24547733331020627"
"1983-12-31,0.09602167582901913"
"1984-01-31,0.15764054533084848"
"1984-02-29,0.020019829506387164"
"1984-03-31,0.14398187680805827"
"1984-04-30,0.010137831056216977"
"1984-05-31,0.2143313898417469"
"1984-06-30,-0.03857530542544066"
"1984-07-31,0.02486531526424913"
"1984-08-31,0.0892366625496454"
"1984-09-30,0.12719487234424812"
"1984-10-31,0.04090209584058748"
"1984-11-30,-0.057650038974237997"
"1984-12-31,-0.1560285474263927"
"1985-01-31,0.1155557979692907"
"1985-02-28,-0.10418367393363319"
"1985-03-31,0.04271184884877696"
"1985-04-30,0.0028204513465459663"
"1985-05-31,0.06798749397805198"
"1985-06-30,0.12117827641393603"
"1985-07-31,-0.02289171279198822"
"1985-08-31,0.14313629321577398"
"1985-09-30,0.11767926495786561"
"1985-10-31,0.03932827788205631"
"1985-11-30,0.018120725756785104"
"1985-12-31,0.055314327700076354"
"1986-01-31,0.11670127946494155"
"1986-02-28,0.30935888342411344"
"1986-03-31,0.13820964063116783"
"1986-04-30,0.13485684213933394"
"1986-05-31,0.13101041870480526"
"1986-06-30,0.039869340646586114"
"1986-07-31,0.0429542967371901"
"1986-08-31,0.08790163220241975"
"1986-09-30,0.024142633958754572"
"1986-10-31,0.05100455630392313"
"1986-11-30,0.04011415879462451"
"1986-12-31,0.03212002036976833"
"1987-01-31,0.22004549300749932"
"1987-02-28,0.31599578279801155"
"1987-03-31,0.10425132593184765"
"1987-04-30,0.18893070915292198"
"1987-05-31,0.1693957268860661"
"1987-06-30,0.26585032385308"
"1987-07-31,0.34769196849356293"
"1987-08-31,0.21050136121174512"
"1987-09-30,0.2659354896822508"
"1987-10-31,0.26956237444856107"
"1987-11-30,0.18613108165345502"
"1987-12-31,0.37202516713249395"
"1988-01-31,0.4591287293086298"
"1988-02-29,0.3330215294559543"
"1988-03-31,0.38519632951288796"
"1988-04-30,0.32767172426688246"
"1988-05-31,0.3193327528561481"
"1988-06-30,0.3303665736662834"
"1988-07-31,0.25568588309540363"
"1988-08-31,0.2576782726713969"
"1988-09-30,0.25825685198285486"
"1988-10-31,0.2547089936553189"
"1988-11-30,0.028571693206154512"
"1988-12-31,0.17620138085736708"
"1989-01-31,-0.02600501152761673"
"1989-02-28,0.23738506596050896"
"1989-03-31,0.1851278885251615"
"1989-04-30,0.1495858064737979"
"1989-05-31,0.03825666680593565"
"1989-06-30,0.09383322679329463"
"1989-07-31,0.26380813549767856"
"1989-08-31,0.2522334450526452"
"1989-09-30,0.29773391941098964"
"1989-10-31,0.2600190783247316"
"1989-11-30,0.11531051781521282"
"1989-12-31,0.28371441641784545"
"1990-01-31,0.2827737385549349"
"1990-02-28,0.27884815498581433"
"1990-03-31,0.6347864553457524"
"1990-04-30,0.4940244922489812"
"1990-05-31,0.40596973694474914"
"1990-06-30,0.3151887915218171"
"1990-07-31,0.3796524118047931"
"1990-08-31,0.2809509517365802"
"1990-09-30,0.22031836916823508"
"1990-10-31,0.3864597306813414"
"1990-11-30,0.358991783389718"
"1990-12-31,0.28878503018206403"
"1991-01-31,0.3034011316614531"
"1991-02-28,0.40704579716345896"
"1991-03-31,0.2474083605798333"
"1991-04-30,0.4360086757182311"
"1991-05-31,0.31398752803671337"
"1991-06-30,0.43347690932605276"
"1991-07-31,0.4674166543963792"
"1991-08-31,0.36204178727964537"
"1991-09-30,0.3528354147494299"
"1991-10-31,0.2511824329851613"
"1991-11-30,0.2536413287242086"
"1991-12-31,0.23831234740554672"
"1992-01-31,0.36292843600752384"
"1992-02-29,0.3484493300186179"
"1992-03-31,0.30922496880923594"
"1992-04-30,0.1618523906522452"
"1992-05-31,0.16797746243914552"
"1992-06-30,0.15643431787784812"
"1992-07-31,0.005340143872565326"
"1992-08-31,0.03774724104670508"
"1992-09-30,-0.08989003487202328"
"1992-10-31,-0.022682327022959865"
"1992-11-30,-0.03733941926180803"
"1992-12-31,0.09871902342042724"
"1993-01-31,0.2610266296738405"
"1993-02-28,0.2833344592920892"
"1993-03-31,0.2360800692907433"
"1993-04-30,0.1951488249921081"
"1993-05-31,0.1950330471700218"
"1993-06-30,0.1644598369283753"
"1993-07-31,0.15863110954711637"
"1993-08-31,0.08418278799246298"
"1993-09-30,0.0455209991171702"
"1993-10-31,0.1505165450848702"
"1993-11-30,0.06566894969294505"
"1993-12-31,0.14829830816607334"
"1994-01-31,0.20031648735995128"
"1994-02-28,0.01401540107684033"
"1994-03-31,0.23547027336664292"
"1994-04-30,0.2555820499033711"
"1994-05-31,0.2076949962822097"
"1994-06-30,0.31435218438519114"
"1994-07-31,0.18217761627194362"
"1994-08-31,0.17327849138624515"
"1994-09-30,0.2722316178673528"
"1994-10-31,0.3469640470709118"
"1994-11-30,0.3531186025308945"
"1994-12-31,0.24739545328580248"
"1995-01-31,0.4136032591363954"
"1995-02-28,0.640134389348817"
"1995-03-31,0.3564086066318272"
"1995-04-30,0.42731212437659116"
"1995-05-31,0.26464352273682373"
"1995-06-30,0.37844237923776847"
"1995-07-31,0.44184982756710717"
"1995-08-31,0.3916130183977387"
"1995-09-30,0.2795715460534721"
"1995-10-31,0.3794012393315199"
"1995-11-30,0.37539727940278816"
"1995-12-31,0.17401670184748003"
"1996-01-31,0.2163967472397677"
"1996-02-29,0.4615568918080622"
"1996-03-31,0.28837238655907094"
"1996-04-30,0.25163049726793896"
"1996-05-31,0.23714962373744786"
"1996-06-30,0.21651413510339887"
"1996-07-31,0.32539060388221486"
"1996-08-31,0.35149436733197625"
"1996-09-30,0.20457507361723729"
"1996-10-31,0.12766547148904844"
"1996-11-30,0.3162583153985816"
"1996-12-31,0.32326885175136766"
"1997-01-31,0.2490360279158218"
"1997-02-28,0.30442295995144086"
"1997-03-31,0.3970851563500199"
"1997-04-30,0.3775284072654726"
"1997-05-31,0.3171088483346803"
"1997-06-30,0.49175587304918544"
"1997-07-31,0.3461334997796197"
"1997-08-31,0.40574696437820706"
"1997-09-30,0.46749128450270727"
"1997-10-31,0.5718022189990015"
"1997-11-30,0.6157149752502921"
"1997-12-31,0.5238759541651343"
"1998-01-31,0.5629589024055722"
"1998-02-28,0.7973741816959483"
"1998-03-31,0.5894700625348102"
"1998-04-30,0.6508935947088861"
"1998-05-31,0.6390668018644354"
"1998-06-30,0.6679476092290777"
"1998-07-31,0.6590941762829613"
"1998-08-31,0.6453172912053046"
"1998-09-30,0.43478082662474293"
"1998-10-31,0.4110902739528969"
"1998-11-30,0.3822415828777123"
"1998-12-31,0.4875624405249877"
"1999-01-31,0.38727380080207996"
"1999-02-28,0.6039603647324292"
"1999-03-31,0.2638387795968772"
"1999-04-30,0.2694757547975061"
"1999-05-31,0.24778160991610484"
"1999-06-30,0.3247682038947128"
"1999-07-31,0.31040749778939775"
"1999-08-31,0.30258029211451515"
"1999-09-30,0.2760267383611076"
"1999-10-31,0.30699936754711266"
"1999-11-30,0.286917746451044"
"1999-12-31,0.31378938457527383"
"2000-01-31,0.18133691895953014"
"2000-02-29,0.4991519410763635"
"2000-03-31,0.4450428837822206"
"2000-04-30,0.538415368138373"
"2000-05-31,0.30583385474863545"
"2000-06-30,0.35022558935289977"
"2000-07-31,0.3257622588022756"
"2000-08-31,0.37472019658421146"
"2000-09-30,0.3107708889204918"
"2000-10-31,0.19478564079777086"
"2000-11-30,0.24529690688956107"
"2000-12-31,0.2016749440156827"
"2001-01-31,0.3641735596898822"
"2001-02-28,0.3918913794387107"
"2001-03-31,0.5204521772855116"
"2001-04-30,0.45251646659972394"
"2001-05-31,0.48934218733367324"
"2001-06-30,0.4459130445072333"
"2001-07-31,0.5091294408498994"
"2001-08-31,0.507493587934895"
"2001-09-30,0.49257064379713794"
"2001-10-31,0.46419921363510647"
"2001-11-30,0.6921168313535492"
"2001-12-31,0.5415656808691084"
"2002-01-31,0.6473876388373582"
"2002-02-28,0.6426373021091426"
"2002-03-31,0.7994002504604384"
"2002-04-30,0.5682065713973625"
"2002-05-31,0.5028069918030905"
"2002-06-30,0.4493149000255623"
"2002-07-31,0.5694793606265286"
"2002-08-31,0.4984804198285556"
"2002-09-30,0.5019240275755315"
"2002-10-31,0.5004375645503794"
"2002-11-30,0.49447988299059986"
"2002-12-31,0.34704302775687595"
"2003-01-31,0.6538836097278059"
"2003-02-28,0.485623467348444"
"2003-03-31,0.4836408847415302"
"2003-04-30,0.4727716512549957"
"2003-05-31,0.5222817569056833"
"2003-06-30,0.4251341473463262"
"2003-07-31,0.48383972144252774"
"2003-08-31,0.612103243704255"
"2003-09-30,0.5746868714622808"
"2003-10-31,0.6567765453360174"
"2003-11-30,0.499072102499977"
"2003-12-31,0.6602281223189034"
"2004-01-31,0.5089659174090125"
"2004-02-29,0.6348689755139882"
"2004-03-31,0.5282556461410369"
"2004-04-30,0.5227924719762738"
"2004-05-31,0.3509264476610509"
"2004-06-30,0.31097006935719557"
"2004-07-31,0.23719142860577339"
"2004-08-31,0.45830214322042784"
"2004-09-30,0.4672671546255897"
"2004-10-31,0.5229286733982523"
"2004-11-30,0.6510513910326853"
"2004-12-31,0.414928363006825"
"2005-01-31,0.6500713442412195"
"2005-02-28,0.5338277116966267"
"2005-03-31,0.6459099267841997"
"2005-04-30,0.6316499442571122"
"2005-05-31,0.5532090281046852"
"2005-06-30,0.5688212996971374"
"2005-07-31,0.5548811787670868"
"2005-08-31,0.5809893445987965"
"2005-09-30,0.634054904931111"
"2005-10-31,0.6844367205861619"
"2005-11-30,0.6432207611725335"
"2005-12-31,0.6012785961873868"
"2006-01-31,0.4999044082783895"
"2006-02-28,0.6455558848351237"
"2006-03-31,0.5436840078855474"
"2006-04-30,0.48621996473456475"
"2006-05-31,0.47178114975448965"
"2006-06-30,0.5718818415545777"
"2006-07-31,0.4763779118430234"
"2006-08-31,0.6333705877761237"
"2006-09-30,0.5499710739343614"
"2006-10-31,0.613747137758426"
"2006-11-30,0.6608605328995079"
"2006-12-31,0.7172778378206783"
"2007-01-31,0.8930489071183998"
"2007-02-28,0.6396717258989553"
"2007-03-31,0.5919485769585782"
"2007-04-30,0.7261496980780098"
"2007-05-31,0.5801220417972006"
"2007-06-30,0.5006901118592604"
"2007-07-31,0.5630121640907587"
"2007-08-31,0.5837867215733222"
"2007-09-30,0.5083472971518023"
"2007-10-31,0.5590798293700076"
"2007-11-30,0.5355275424058281"
"2007-12-31,0.4190313656443494"
"2008-01-31,0.21021158168596088"
"2008-02-29,0.2693002026253328"
"2008-03-31,0.61367483313223"
"2008-04-30,0.44805114236466664"
"2008-05-31,0.4324892397617631"
"2008-06-30,0.38399752699674494"
"2008-07-31,0.5340772885893653"
"2008-08-31,0.4527676395426012"
"2008-09-30,0.5480161690975387"
"2008-10-31,0.5909558139746903"
"2008-11-30,0.6322025905517343"
"2008-12-31,0.47205408658516995"
"2009-01-31,0.5902990828321716"
"2009-02-28,0.4712784434587061"
"2009-03-31,0.446841005274759"
"2009-04-30,0.528052000500152"
"2009-05-31,0.5503383768164523"
"2009-06-30,0.6234883173995122"
"2009-07-31,0.6807455272727956"
"2009-08-31,0.6221324506383215"
"2009-09-30,0.6817708662268211"
"2009-10-31,0.6202136424112058"
"2009-11-30,0.7060583291064595"
"2009-12-31,0.6401617543151126"
"2010-01-31,0.7106075522344135"
"2010-02-28,0.7901331295712072"
"2010-03-31,0.8602274191040931"
"2010-04-30,0.8335469371991097"
"2010-05-31,0.7149151764951405"
"2010-06-30,0.645003347457295"
"2010-07-31,0.6174179600743445"
"2010-08-31,0.6146317608759594"
"2010-09-30,0.5642509152304165"
"2010-10-31,0.642135427532565"
"2010-11-30,0.7345654632941145"
"2010-12-31,0.43702229978163665"
"2011-01-31,0.45676904138403807"
"2011-02-28,0.42912034661478515"
"2011-03-31,0.5563973795592426"
"2011-04-30,0.6022154674194486"
"2011-05-31,0.4433623606190633"
"2011-06-30,0.548212714898587"
"2011-07-31,0.6449120826615286"
"2011-08-31,0.6510248732688857"
"2011-09-30,0.5379411615653542"
"2011-10-31,0.5763365966829798"
"2011-11-30,0.5112522866153901"
"2011-12-31,0.49482837039523647"
"2012-01-31,0.36955420466332883"
"2012-02-29,0.46470879512929925"
"2012-03-31,0.4209961036385325"
"2012-04-30,0.6105002073255824"
"2012-05-31,0.6589486194491571"
"2012-06-30,0.6293510096699432"
"2012-07-31,0.5677964654574897"
"2012-08-31,0.644943878026108"
"2012-09-30,0.6475912049512857"
"2012-10-31,0.732162587616327"
"2012-11-30,0.7210487224086737"
"2012-12-31,0.4636831123444364"
"2013-01-31,0.6078035966850847"
"2013-02-28,0.5265165734060013"
"2013-03-31,0.5829417224725073"
"2013-04-30,0.5748126580885163"
"2013-05-31,0.5568857119923135"
"2013-06-30,0.6593197197532646"
"2013-07-31,0.5891784567568717"
"2013-08-31,0.6352066877510076"
"2013-09-30,0.7221901934418663"
"2013-10-31,0.6503963153696233"
"2013-11-30,0.7700114203744726"
"2013-12-31,0.6076413182590201"
"2014-01-31,0.6695646166601759"
"2014-02-28,0.49080652040402967"
"2014-03-31,0.6945279937223822"
"2014-04-30,0.736312258695655"
"2014-05-31,0.7370878388228091"
"2014-06-30,0.6174745365359305"
"2014-07-31,0.5809605933581357"
"2014-08-31,0.733774975223006"
"2014-09-30,0.7567690000458172"
"2014-10-31,0.7423640838889506"
"2014-11-30,0.63000284465674"
"2014-12-31,0.6848145421657068"
"2015-01-31,0.7400081989849044"
"2015-02-28,0.7817502360281022"
"2015-03-31,0.795283711301291"
"2015-04-30,0.700915745161684"
"2015-05-31,0.730985585948354"
"2015-06-30,0.7596304731716146"
"2015-07-31,0.7145488267971261"
"2015-08-31,0.7991504107493483"
"2015-09-30,0.826093143621132"
"2015-10-31,1.0153373194084294"
"2015-11-30,0.995985899683999"
"2015-12-31,1.0416830668119221"
"2016-01-31,1.087753623967982"
"2016-02-29,1.2235882203765267"
"2016-03-31,1.1820778260509968"
"2016-04-30,1.0296462707547624"
"2016-05-31,0.8804873724957352"
"2016-06-30,0.7770808295195917"
"2016-07-31,0.7777267986156576"
"2016-08-31,0.9485763027697964"
"2016-09-30,0.8455436085485596"
"2016-10-31,0.8190290060050964"
"2016-11-30,0.8444865735037369"
"2016-12-31,0.7791289871605075"
"2017-01-31,0.9519714873831902"
"2017-02-28,1.0670907909495364"
"2017-03-31,1.0645918530599021"
"2017-04-30,0.8459976078776518"
"2017-05-31,0.7798253980929277"
"2017-06-30,0.6575456009769164"
"2017-07-31,0.8045851881510245"
"2017-08-31,0.8109908581186344"
"2017-09-30,0.7293016235126486"
"2017-10-31,0.8094920726387597"
"2017-11-30,0.8058706040725161"
"2017-12-31,0.8148281006591418"
"2018-01-31,0.7106047199205224"
"2018-02-28,0.7957913939811305"
"2018-03-31,0.7900750987005013"
"2018-04-30,0.8223177853404448"
"2018-05-31,0.7131685707709455"
"2018-06-30,0.7375257131216654"
"2018-07-31,0.7334141889874924"
"2018-08-31,0.7347392222575436"
"2018-09-30,0.6758675716097241"
"2018-10-31,0.869320805411824"
"2018-11-30,0.7447671328539711"
"2018-12-31,0.8242561981766352"
"2019-01-31,0.7995957996349745"
"2019-02-28,0.8442262843036061"
"2019-03-31,1.0757369159487329"
"2019-04-30,0.9388050247088142"
"2019-05-31,0.7776251038510255"
"2019-06-30,0.8091199354254538"
"2019-07-31,0.8571951719749151"
"2019-08-31,0.8582541089019784"
"2019-09-30,0.8026574933305289"
"2019-10-31,0.9556283962519376"
"2019-11-30,0.9372168419009363"
"2019-12-31,1.0368101078641"
"2020-01-31,1.0694563478914998"
"2020-02-29,1.1133685519247398"
"2020-03-31,1.0943997402013992"
"2020-04-30,1.062672240405131"
"2020-05-31,0.9079270349936047"
"2020-06-30,0.8251334091481255"
"2020-07-31,0.8160764395625019"
"2020-08-31,0.8010114297760096"
"2020-09-30,0.8670322939480732"
"2020-10-31,0.8107299316500505"
"2020-11-30,1.0130944454764126"
"2020-12-31,0.6926236553514155"
" "
